ID,Label,Layer,TSNE_1,TSNE_2,Pred_Prob
sp|Q12252|PHM7_YEAST,0,Input_Layer,-7.2602496,-16.752296,0.0061979224
sp|P51172|SCNND_HUMAN,0,Input_Layer,17.86287,-5.431211,0.017027335
sp|P0AEB5|YNAI_ECOLI,0,Input_Layer,-15.441133,-8.090262,0.002978769
sp|P37020|GEF1_YEAST,1,Input_Layer,-2.6742423,-11.52306,0.9986046
sp|O49696|ALMTC_ARATH,0,Input_Layer,0.578397,-24.832495,0.005705231
sp|Q96KK3|KCNS1_HUMAN,1,Input_Layer,5.8722286,2.0129519,0.9940454
sp|Q12791|KCMA1_HUMAN,1,Input_Layer,8.726881,13.577504,0.9973003
sp|A0A061ACU2|PIEZ1_CAEEL,0,Input_Layer,21.102932,11.602743,0.0040229596
sp|P39285|MSCM_ECOLI,0,Input_Layer,4.436834,19.387426,0.0018720547
sp|Q9HCF6|TRPM3_HUMAN,0,Input_Layer,4.3257427,-2.9960322,0.0021173693
sp|Q9JK45|KCNQ5_MOUSE,1,Input_Layer,3.5008886,0.5152529,0.9969791
sp|Q8TDN1|KCNG4_HUMAN,1,Input_Layer,5.7091465,2.4793355,0.9951369
sp|Q9VR82|INX6_DROME,0,Input_Layer,-16.690065,19.696095,0.0013842388
sp|P58735|S26A1_MOUSE,0,Input_Layer,3.8788455,-9.785835,0.0031706446
sp|P45963|ACR7_CAEEL,0,Input_Layer,-14.245101,10.298084,0.010683724
sp|Q7RTM1|OTOP1_HUMAN,0,Input_Layer,19.574192,4.3341994,0.004651616
sp|D3KZG3|TMC1_CAEEL,0,Input_Layer,0.009137742,-6.149693,0.0034280138
sp|Q00975|CAC1B_HUMAN,1,Input_Layer,9.296467,9.786945,0.9974023
sp|T0DVE4|MSCS_HELPX,0,Input_Layer,-15.953387,-9.178863,0.0035382642
sp|Q99572|P2RX7_HUMAN,0,Input_Layer,20.463362,-3.3333087,0.007972057
sp|Q4ZHA6|KCNB2_BOVIN,1,Input_Layer,2.2309227,1.2469712,0.9922162
sp|A4FV75|TM38A_BOVIN,0,Input_Layer,15.798286,7.2238364,0.0014207778
sp|P24612|MEC4_CAEEL,0,Input_Layer,-20.983206,0.98883176,0.004063791
sp|P09483|ACHA4_RAT,0,Input_Layer,-8.626595,12.379754,0.0026672208
sp|G5EFC3|KCNAG_CAEEL,1,Input_Layer,2.8946795,3.617737,0.99687696
sp|Q9VDH6|IR93A_DROME,0,Input_Layer,-12.031793,1.4125112,0.0011685515
sp|Q9GZU1|MCLN1_HUMAN,0,Input_Layer,7.596012,0.011786464,0.012405808
sp|O43526|KCNQ2_HUMAN,1,Input_Layer,4.0190697,0.2954648,0.99439263
sp|P56475|GBRR1_MOUSE,0,Input_Layer,-7.673968,11.314633,0.0066253934
sp|P44741|TEHA_HAEIN,0,Input_Layer,-14.783,-17.045504,0.005937961
sp|Q5YCC7|TMC3_CHICK,0,Input_Layer,0.9602028,-5.862077,0.022459174
sp|Q94526|ORK1_DROME,0,Input_Layer,-3.2231143,-5.966182,0.0041326648
sp|O81776|GLR24_ARATH,0,Input_Layer,-3.8644795,-23.845577,0.0049735643
sp|Q7NDN8|GLIC_GLOVI,0,Input_Layer,-17.701744,10.338137,0.011952806
sp|Q91ZF1|KCJ15_RAT,1,Input_Layer,-6.2585154,-2.4146633,0.9989784
sp|O65718|CNGC2_ARATH,1,Input_Layer,7.033448,-16.688717,0.97584164
sp|Q7RTX7|CTSR4_HUMAN,1,Input_Layer,10.590785,2.8673928,0.9987017
sp|Q9PT84|KCNH6_CHICK,1,Input_Layer,2.584537,-0.706433,0.9903045
sp|P0C7B7|ELIC_DICCH,0,Input_Layer,-17.699198,10.348366,0.0073608523
sp|Q9Z258|KCNT1_RAT,1,Input_Layer,3.273669,-3.2876062,0.9940958
sp|C9D7C2|CAC1A_APIME,1,Input_Layer,7.3757024,9.179742,0.9989165
sp|Q9U1S7|PKD2_CAEEL,0,Input_Layer,-2.4309945,-1.613344,0.0033168113
sp|Q9C8G5|CSCLD_ARATH,0,Input_Layer,-4.998643,-17.92512,0.001921002
sp|Q8BLA8|TRPA1_MOUSE,1,Input_Layer,-10.59857,-7.983562,0.9500614
sp|Q8VHK5|MLC1_MOUSE,0,Input_Layer,15.606304,-7.2120895,0.0048281816
sp|Q02280|KCNAE_DROME,1,Input_Layer,-0.51129246,3.7743483,0.99457353
sp|Q8RXR2|CLCF_ARATH,1,Input_Layer,0.4907742,-21.511082,0.99648285
sp|D0E0C2|SCNA1_PERAM,1,Input_Layer,15.024264,-18.467056,0.9952519
sp|Q9U3N4|INX6_CAEEL,0,Input_Layer,-16.830803,17.87727,0.006429574
sp|Q05037|KCNA4_BOVIN,1,Input_Layer,1.696118,4.294727,0.99863595
sp|Q87WD2|ERIC_PSESM,1,Input_Layer,-0.059774008,-12.365365,0.9955519
sp|Q9U6L4|TTY1_DROME,0,Input_Layer,-1.3653107,9.394131,0.004139649
sp|Q21974|UNC8_CAEEL,0,Input_Layer,-20.993206,2.100502,0.006074516
sp|Q58543|MSMJL_METJA,0,Input_Layer,-17.024405,-8.794426,0.00465709
sp|Q9VAJ3|PPK19_DROME,0,Input_Layer,-22.79009,4.6558466,0.008375644
sp|Q5N941|POLLU_ORYSJ,0,Input_Layer,3.6282766,-16.341406,0.0032507947
sp|Q21123|INX7_CAEEL,0,Input_Layer,-14.385149,15.896822,0.0010655823
sp|Q21973|BST15_CAEEL,0,Input_Layer,-15.648654,13.818577,0.004797249
sp|Q5R3K3|CAHM6_HUMAN,0,Input_Layer,22.984756,0.42017412,0.013178906
sp|S5VBU1|TM175_STRC3,0,Input_Layer,-22.092297,13.022886,0.004511617
sp|Q8BGR2|LRC8D_MOUSE,0,Input_Layer,9.588646,-2.146208,0.0023523576
sp|Q9R244|TRPC2_MOUSE,0,Input_Layer,6.210943,-2.6682992,0.00060457655
sp|P48182|ACR2_CAEEL,0,Input_Layer,-11.597719,10.640927,0.0145266
sp|Q57CD7|FLUC1_BRUAB,0,Input_Layer,-14.90334,-4.528252,0.006661074
sp|Q9W0T5|PYX_DROME,0,Input_Layer,-9.756902,-7.087499,0.010250391
sp|Q21415|GLR3_CAEEL,0,Input_Layer,-10.028461,2.4526927,0.00157141
sp|Q7ZWK8|OTOP1_DANRE,0,Input_Layer,19.952055,4.9811954,0.0011944706
sp|A8DYE2|TRPCG_DROME,0,Input_Layer,0.23187423,-3.9616704,0.004896629
sp|Q03412|UNC7_CAEEL,0,Input_Layer,-12.897002,16.644957,0.004060207
sp|G5EBR3|GLUCL_CAEEL,0,Input_Layer,-10.832999,9.569254,0.004357015
sp|P0A333|KCSA_STRCO,0,Input_Layer,-5.3518677,5.984697,0.011752794
sp|P70227|ITPR3_MOUSE,0,Input_Layer,15.332915,13.006966,0.009706427
sp|Q8TD43|TRPM4_HUMAN,0,Input_Layer,7.0949683,-5.6778946,0.00041148879
sp|Q8JFN7|ACH91_ONCMY,0,Input_Layer,-10.185499,12.039712,0.007758179
sp|Q9JIS7|CAC1F_MOUSE,1,Input_Layer,9.202664,10.987908,0.9974718
sp|P24045|GBRB4_CHICK,0,Input_Layer,-6.8009067,11.858857,0.006320525
sp|Q9GQ00|MOD1_CAEEL,0,Input_Layer,-10.157609,10.5046625,0.0033323271
sp|A5X5Y0|5HT3E_HUMAN,0,Input_Layer,15.437991,-10.715394,0.0022036235
sp|Q95T12|FLOWR_DROME,0,Input_Layer,3.4681432,14.633149,0.008063555
sp|Q6Q1P3|KCNKI_RAT,1,Input_Layer,9.779101,-12.038314,0.99458176
sp|Q80SX5|OTOP2_MOUSE,0,Input_Layer,19.209654,4.8904343,0.0020765262
sp|Q6UXY8|TMC5_HUMAN,0,Input_Layer,12.067132,-6.9042473,0.010308704
sp|Q96NY7|CLIC6_HUMAN,1,Input_Layer,19.634806,-13.315586,0.9979609
sp|Q9V9N1|IR40A_DROME,0,Input_Layer,-12.577641,1.3324916,0.0018995191
sp|P51800|CLCKA_HUMAN,1,Input_Layer,1.5554893,-10.777612,0.9967224
sp|P17970|KCNAB_DROME,1,Input_Layer,-0.7537653,5.7198033,0.9946747
sp|A2ARP9|CTSR2_MOUSE,1,Input_Layer,11.53742,2.5329268,0.9947284
sp|F4I248|CSCLB_ARATH,0,Input_Layer,-3.6656618,-18.326532,0.0034962725
sp|A6H7B0|PLLP_BOVIN,0,Input_Layer,2.9256108,14.080101,0.004323559
sp|P35500|SCNA_DROME,1,Input_Layer,7.421869,10.184642,0.999257
sp|P23645|BIB_DROME,0,Input_Layer,-1.7181007,9.055023,0.006138313
sp|Q7KVW5|KCNN_DROME,0,Input_Layer,-1.0485525,5.931467,0.0050419276
sp|Q8K424|TRPV3_MOUSE,0,Input_Layer,6.8949156,-1.8586986,0.0001496702
sp|A2AIR5|NMD3A_MOUSE,0,Input_Layer,-4.2081385,2.1441782,0.014379261
sp|Q653P0|KOR1_ORYSJ,1,Input_Layer,3.8009157,-14.096562,0.9909087
sp|Q91WD2|TRPV6_MOUSE,0,Input_Layer,7.603835,-1.6891366,0.005825969
sp|F4IME2|MSL8_ARATH,0,Input_Layer,3.0185776,-18.062256,0.00020474904
sp|Q9U298|ACH8_CAEEL,0,Input_Layer,-13.427007,10.719135,0.0031387485
sp|Q16478|GRIK5_HUMAN,0,Input_Layer,-4.647043,3.3943057,0.0082837045
sp|M9MSG8|PIEZO_DROME,0,Input_Layer,21.085207,11.598339,0.0044257864
sp|P31069|KCH_ECOLI,0,Input_Layer,-14.773836,-6.918314,0.001973699
sp|P34299|GLR1_CAEEL,0,Input_Layer,-9.027928,1.841755,0.0056772865
sp|Q9Y2U2|KCNK7_HUMAN,1,Input_Layer,11.394552,-11.2126255,0.9916522
sp|G5ECJ0|GBR1_CAEEL,0,Input_Layer,-11.137112,8.04781,0.0014157534
sp|O13263|SCNNH_XENLA,0,Input_Layer,-19.22216,2.5563428,0.005270178
sp|D9N164|IRK10_PARME,1,Input_Layer,-9.583491,-3.3079123,0.99002516
sp|H1AFJ6|SCNNB_NEOFS,0,Input_Layer,-19.540794,3.1065683,0.011872835
sp|A0A0U1QT59|TMC_DROME,0,Input_Layer,-1.1024555,-6.6948056,0.0015128044
sp|Q8GX93|CLCE_ARATH,1,Input_Layer,0.46710354,-21.299932,0.99699485
sp|G5EDN0|ACC3_CAEEL,0,Input_Layer,-9.543927,10.110171,0.0039694277
sp|Q9EQJ0|TPC1_MOUSE,1,Input_Layer,8.869055,2.3626208,0.9963257
sp|O14764|GBRD_HUMAN,0,Input_Layer,-7.266077,10.618436,0.0076377564
sp|O15547|P2RX6_HUMAN,0,Input_Layer,19.329437,-4.192518,0.007821459
sp|Q9HB15|KCNKC_HUMAN,1,Input_Layer,8.195933,-11.908664,0.99820256
sp|Q9BVC6|TM109_HUMAN,1,Input_Layer,16.766417,-2.0499556,0.99482995
sp|Q96ER9|MITOK_HUMAN,0,Input_Layer,16.574448,-0.5071484,0.011437197
sp|O95279|KCNK5_HUMAN,1,Input_Layer,8.396086,-9.987041,0.9975134
sp|Q5A2J7|YVC1_CANAL,1,Input_Layer,-8.849983,-14.587794,0.9915548
sp|Q24418|NMDA1_DROME,1,Input_Layer,-6.4895864,2.0882423,0.95972186
sp|Q8IU68|TMC8_HUMAN,0,Input_Layer,15.237286,-4.370828,0.0018001375
sp|A0A0R4IMY7|TRPM2_DANRE,0,Input_Layer,5.6084948,-5.4425993,0.0017618318
sp|P08104|SCN3A_RAT,1,Input_Layer,7.7280374,10.809801,0.9988938
sp|Q9U6B8|ORAI1_DROME,0,Input_Layer,-1.8017112,6.521937,0.0146187525
sp|Q90218|GLRK_ANAPL,0,Input_Layer,-10.046059,3.5441947,0.003472464
sp|Q9FL25|KCO2_ARATH,0,Input_Layer,6.941281,-20.623564,0.00080971926
sp|Q401N2|ZACN_HUMAN,0,Input_Layer,16.1507,-10.703387,0.009062216
sp|P57789|KCNKA_HUMAN,1,Input_Layer,7.8784566,-9.729311,0.996997
sp|Q10025|DEL10_CAEEL,0,Input_Layer,-22.831089,0.49141377,0.0019832011
sp|Q6I7B9|MAT_INCAA,0,Input_Layer,-2.80025,16.329678,0.008687871
sp|Q54AX6|CLCA_DICDI,1,Input_Layer,-3.1520886,-11.450963,0.99443877
sp|O27564|MTHK_METTH,0,Input_Layer,-19.19008,-7.433076,0.0024591251
sp|P78334|GBRE_HUMAN,0,Input_Layer,-8.479009,10.941389,0.0015315266
sp|P92943|CLCD_ARATH,1,Input_Layer,0.8501139,-11.369649,0.99933964
sp|O00555|CAC1A_HUMAN,1,Input_Layer,9.9463825,10.152638,0.9979488
sp|Q90805|CNG1_CHICK,0,Input_Layer,1.4673266,-2.2043033,0.014278417
sp|P17644|ACH2_DROME,0,Input_Layer,-7.053145,12.785456,0.0059980555
sp|Q9P0X4|CAC1I_HUMAN,1,Input_Layer,10.036974,8.795734,0.99935156
sp|Q25011|FANA_CORAP,0,Input_Layer,-23.29942,3.0191567,0.0028185986
sp|P10861|UCP1_BOVIN,0,Input_Layer,4.1444917,8.809839,0.0031568005
sp|Q979Z2|TVOK_THEVO,0,Input_Layer,-19.12766,-7.5505295,0.0043484927
sp|Q19907|TWK12_CAEEL,0,Input_Layer,-4.2226806,-6.7004223,0.015303428
sp|Q32LT7|TTYH3_DANRE,0,Input_Layer,0.6433397,12.162135,0.002374486
sp|O18276|GBRB_CAEEL,0,Input_Layer,-9.592748,8.982378,0.0058739134
sp|Q9NY37|ASIC5_HUMAN,0,Input_Layer,-17.452242,2.8668945,0.0031646278
sp|F4IN58|PIEZO_ARATH,0,Input_Layer,20.806171,10.288434,0.00338887
sp|P56699|CAC1E_DIPOM,1,Input_Layer,8.392351,9.294718,0.997969
sp|Q9UK17|KCND3_HUMAN,1,Input_Layer,2.700232,2.5494556,0.9989813
sp|Q24270|CAC1D_DROME,1,Input_Layer,1.581754,6.9568553,0.9955848
sp|Q9U3K5|INX2_CAEEL,0,Input_Layer,-16.002567,17.902426,0.0029097341
sp|Q7Z020|TRPA1_DROME,0,Input_Layer,-10.238459,-7.6644325,0.010172826
sp|Q9NQ90|ANO2_HUMAN,0,Input_Layer,10.337218,-4.3001776,0.05211231
sp|Q9YDF8|KVAP_AERPE,1,Input_Layer,-20.405512,-8.217081,0.9965771
sp|P79100|TRPC4_BOVIN,0,Input_Layer,5.03121,-1.7656037,0.008664232
sp|Q5R1P3|NMDE2_CANLF,1,Input_Layer,-4.9188275,1.2512292,0.99376076
sp|F1QFU0|TMC1_DANRE,0,Input_Layer,10.661066,-6.115083,0.003965173
sp|Q03516|RSN1_YEAST,0,Input_Layer,-7.18414,-16.772284,0.013916827
sp|Q05973|SCN1_HETBL,1,Input_Layer,14.295295,-17.68816,0.99678934
sp|G5EG88|ACH23_CAEEL,0,Input_Layer,-13.018117,9.225546,0.010312071
sp|Q8L7W1|MSL3_ARATH,0,Input_Layer,2.5539947,-21.07149,0.0068416484
sp|Q9LS46|ALMT9_ARATH,0,Input_Layer,0.9902927,-24.654377,0.0067945383
sp|P97794|KCNJ8_MOUSE,1,Input_Layer,-5.9014096,-2.8426087,0.99827933
sp|O76554|ACH4_CAEEL,0,Input_Layer,-12.672974,8.707183,0.002815313
sp|Q9FWX6|KCO4_ARATH,0,Input_Layer,7.76939,-20.791996,0.004930821
sp|P29993|ITPR_DROME,0,Input_Layer,16.233574,13.472292,0.0012886279
sp|Q6P9J9|ANO6_MOUSE,1,Input_Layer,10.326563,-4.3204875,0.9547627
sp|Q96RD6|PANX2_HUMAN,0,Input_Layer,10.076695,-0.6427631,0.01708752
sp|Q8CIR4|TRPM6_MOUSE,0,Input_Layer,4.3366537,-4.6495767,0.0017753536
sp|O74839|MSY1_SCHPO,0,Input_Layer,1.8537424,-17.56098,0.0035456086
sp|A8MYU2|KCNU1_HUMAN,1,Input_Layer,-8.6575575,-0.57665807,0.9912985
sp|Q9VGH7|CLCN2_DROME,1,Input_Layer,0.017532809,-9.248371,0.9983323
sp|Q64347|CLCN1_MOUSE,1,Input_Layer,1.4662585,-10.23834,0.99724305
sp|P0C0S1|MSCS_ECOLI,0,Input_Layer,-15.319916,-9.310765,0.0087650865
sp|Q7Z404|TMC4_HUMAN,0,Input_Layer,14.562739,-4.088917,0.00090286456
sp|O61365|NACH_DROME,0,Input_Layer,-22.404806,4.282571,0.0055721523
sp|Q9FVQ5|CSCL1_ARATH,0,Input_Layer,-4.081452,-18.861193,0.0043792333
sp|E4TN31|TM175_MARTH,0,Input_Layer,-22.233995,12.215464,0.0066972137
sp|Q5FKD2|FLUC1_LACAC,0,Input_Layer,-8.635864,25.238705,0.005294004
sp|Q96L42|KCNH8_HUMAN,1,Input_Layer,2.3088224,-0.77669024,0.99782073
sp|Q05B45|TACAN_BOVIN,0,Input_Layer,14.781294,4.488109,0.003478115
sp|Q98GN8|CNGK1_RHILO,0,Input_Layer,-12.804284,-4.9636316,0.003414792
sp|Q8CD54|PIEZ2_MOUSE,0,Input_Layer,18.946619,9.185133,0.015932493
sp|Q09917|PKD2_SCHPO,0,Input_Layer,-7.5138454,-18.235764,0.006769773
sp|Q9JJV9|SCN5A_MOUSE,1,Input_Layer,8.439083,8.4769745,0.9976827
sp|Q57603|MVP_METJA,1,Input_Layer,-19.93612,-8.965996,0.9932208
sp|Q9LV72|GLR12_ARATH,0,Input_Layer,-3.8307993,-24.54338,0.001356573
sp|Q2HJ63|CAHM2_BOVIN,0,Input_Layer,22.491285,1.1160556,0.050846603
sp|Q9BSA9|TM175_HUMAN,0,Input_Layer,5.3100166,-8.982097,0.0044862265
sp|Q27295|EAT5_CAEEL,0,Input_Layer,-15.486861,16.64759,0.004530115
sp|Q08BI9|MCU_DANRE,0,Input_Layer,16.380362,0.73628366,0.009284692
sp|Q60934|GRIK1_MOUSE,0,Input_Layer,-5.1787324,3.4738355,0.0097226845
sp|E9PTA2|TRPM2_RAT,0,Input_Layer,5.5244575,-5.3751087,0.002010873
sp|Q18297|TRPA1_CAEEL,0,Input_Layer,-11.082643,-7.597042,0.006602733
sp|Q9W0Y8|SCN60_DROME,1,Input_Layer,2.0912597,7.1703377,0.99450773
sp|Q9SZT4|CSCLE_ARATH,0,Input_Layer,-2.476159,-18.333132,0.0017073714
sp|Q9NA13|IPLA_DICDI,0,Input_Layer,-4.5151887,-11.088975,0.0009668574
sp|Q9Z307|KCJ16_MOUSE,1,Input_Layer,-6.9228992,-3.366098,0.99921846
sp|Q8BFU8|VGLU3_MOUSE,0,Input_Layer,4.191071,7.993462,0.00592698
sp|Q9V9Y4|PHCL2_DROME,0,Input_Layer,-12.87978,7.7075295,0.004410367
sp|P37002|FLUC_ECOLI,0,Input_Layer,-7.0684733,25.18181,0.0042228764
sp|Q7VYU0|FLUC_BORPE,0,Input_Layer,-6.964349,25.10426,0.006000412
sp|A0MFS9|CACLC_ARATH,0,Input_Layer,-1.9141557,-17.219378,0.011910908
sp|A0A1S4GYH6|IR21A_ANOGA,0,Input_Layer,-12.591329,0.36138946,0.006563972
sp|Q91892|CLCC1_XENLA,0,Input_Layer,11.228069,21.945854,0.005733187
sp|Q19038|DEL1_CAEEL,0,Input_Layer,-20.87248,2.8464515,0.0072836108
sp|Q9NTG1|PKDRE_HUMAN,0,Input_Layer,19.311789,-7.857445,0.0056171594
sp|Q6H1V1|BEST3_MOUSE,0,Input_Layer,0.08698536,-0.507797,0.009130484
sp|Q9XXD1|KVS4_CAEEL,1,Input_Layer,4.0539126,4.2445307,0.99880826
sp|Q9BXS9|S26A6_HUMAN,0,Input_Layer,3.6706119,-9.846735,0.0049096043
sp|Q4GZT3|PKD2_BOVIN,1,Input_Layer,6.2724347,-0.23328327,0.9861259
sp|P76175|CLCB_ECOLI,1,Input_Layer,0.3902754,-12.890108,0.9964934
sp|Q22271|UNC58_CAEEL,1,Input_Layer,-5.104233,-6.5772467,0.9835585
sp|Q9GJS9|GLRB_BOVIN,0,Input_Layer,-6.51094,11.010342,0.002457114
sp|Q01118|SCN7A_HUMAN,1,Input_Layer,15.438911,-18.556479,0.9941288
sp|A7T1N0|TMP2L_NEMVE,0,Input_Layer,4.3322544,-6.4127545,0.011784393
sp|Q8VYR0|MCU2_ARATH,0,Input_Layer,4.3365955,-23.363617,0.013000505
sp|D3Z291|CAHM1_MOUSE,1,Input_Layer,21.858934,0.68864244,0.9556125
sp|Q9SJE8|ALMT2_ARATH,0,Input_Layer,0.27806157,-25.393652,0.008408702
sp|O82226|CNGC6_ARATH,1,Input_Layer,7.188514,-16.242207,0.978626
sp|P34586|TRPL_CAEEL,0,Input_Layer,-1.2970241,-2.4109116,0.0025484278
sp|Q7TN60|TMC6_MOUSE,0,Input_Layer,14.721825,-3.8271503,0.00074669864
sp|Q9VAS7|INX3_DROME,0,Input_Layer,-14.713906,18.802671,0.008252714
sp|Q8K3P1|P2RX2_MOUSE,0,Input_Layer,19.589348,-3.9988036,0.00405072
sp|Q9W5A5|TTY2_DROME,0,Input_Layer,-0.7419518,10.342275,0.0065976866
sp|Q93971|TRPG_CAEEL,0,Input_Layer,0.05680607,-4.171925,0.0021237007
sp|Q20332|TTYH1_CAEEL,0,Input_Layer,-0.40350634,13.093546,0.015633343
sp|Q9Y3Q4|HCN4_HUMAN,1,Input_Layer,0.39797074,1.6077036,0.9979894
sp|Q708S3|ASI4B_DANRE,0,Input_Layer,-17.31719,2.379481,0.0015379325
sp|Q96RD7|PANX1_HUMAN,0,Input_Layer,10.378995,-1.6447328,0.0009400702
sp|Q8N5C1|CAHM5_HUMAN,0,Input_Layer,23.522299,0.7206539,0.0112823015
sp|Q9MYW0|TRPC6_BOVIN,0,Input_Layer,5.6679916,-1.6714231,0.0031726162
sp|Q24498|RYR_DROME,0,Input_Layer,15.51063,15.210462,0.02559239
sp|Q8CE93|CAHM4_MOUSE,0,Input_Layer,23.347551,1.5025709,0.012393247
sp|Q2EG98|PK1L3_MOUSE,0,Input_Layer,19.885864,-9.623188,0.008022566
sp|Q96PH1|NOX5_HUMAN,0,Input_Layer,12.75391,-0.52170837,0.022395212
sp|Q23435|TWK9_CAEEL,0,Input_Layer,-4.85293,-7.366922,0.021720579
sp|Q96T54|KCNKH_HUMAN,1,Input_Layer,10.469973,-11.097488,0.99648416
sp|O70212|5HT3A_CAVPO,0,Input_Layer,15.1112795,-10.730209,0.0024972456
sp|Q14643|ITPR1_HUMAN,0,Input_Layer,15.19899,12.933686,0.010391326
sp|Q18120|TWK18_CAEEL,1,Input_Layer,-5.0639052,-7.7291865,0.98637956
sp|Q9HBA0|TRPV4_HUMAN,0,Input_Layer,7.3477316,-2.2277105,0.0009999354
sp|P0DTC3|AP3A_SARS2,0,Input_Layer,-2.7667103,16.289675,0.0064342427
sp|Q10914|GLR2_CAEEL,0,Input_Layer,-9.6633415,1.5160319,0.0011897242
sp|P50077|CCH1_YEAST,1,Input_Layer,-9.205277,-14.6011095,0.99819785
sp|P0C550|AKT1_ORYSI,1,Input_Layer,3.7780025,-14.160435,0.99280375
sp|Q1PE15|MCU4_ARATH,0,Input_Layer,4.327351,-23.332745,0.0036471928
sp|P54244|ACH3_CAEEL,0,Input_Layer,-11.962158,8.949381,0.00964572
sp|P75783|YBIO_ECOLI,0,Input_Layer,4.1519203,19.415754,0.005277883
sp|P0AAT4|YBDG_ECOLI,0,Input_Layer,3.4253073,19.504807,0.010303452
sp|Q6GM04|TTY1B_XENLA,0,Input_Layer,0.6616308,12.365788,0.0018643794
sp|Q54LT0|MCU_DICDI,0,Input_Layer,-3.943648,-14.310464,0.0060661184
sp|C3VMW3|CLD17_PIG,0,Input_Layer,2.4529436,13.654027,0.0062198336
sp|P9WP63|FLUC1_MYCTU,0,Input_Layer,-6.534566,26.063938,0.0033484786
sp|Q9UM00|TMCO1_HUMAN,0,Input_Layer,15.182361,2.3029559,0.004188299
sp|P26591|GLRK_LYMST,0,Input_Layer,-9.134999,2.473812,0.0075587863
sp|Q18593|CLHM1_CAEEL,1,Input_Layer,24.233692,1.3096979,0.97147906
sp|Q13936|CAC1C_HUMAN,1,Input_Layer,8.630027,10.544273,0.99705076
sp|P0A742|MSCL_ECOLI,0,Input_Layer,-3.7699919,20.537243,0.008644922
sp|Q9V3W6|INX7_DROME,0,Input_Layer,-16.06339,19.010641,0.0013212708
sp|Q19746|INX3_CAEEL,0,Input_Layer,-14.645435,17.48812,0.006421105
sp|Q8R6L9|MSCS_CALS4,0,Input_Layer,-16.334084,-8.87446,0.011469585
sp|P19334|TRP_DROME,0,Input_Layer,-1.4741913,-3.5419142,0.0006732617
sp|A0A2R8Q3S9|CLCC1_DANRE,0,Input_Layer,11.492808,21.737303,0.007414993
sp|Q9WVJ0|KCNH3_MOUSE,1,Input_Layer,1.467785,0.35418656,0.9962268
sp|O54912|KCNK3_RAT,1,Input_Layer,7.9300537,-11.133465,0.9998092
sp|Q5YCC5|TMC7_CHICK,0,Input_Layer,13.117234,-4.277296,0.01380201
sp|Q96D96|HVCN1_HUMAN,1,Input_Layer,8.307089,3.6102574,0.9956813
sp|A0A086F3E3|TM175_CHRP1,0,Input_Layer,-22.160736,12.794241,0.0074022394
sp|Q7Z2W7|TRPM8_HUMAN,0,Input_Layer,5.8883657,-4.6723895,0.007889484
sp|Q86JM7|P2XA_DICDI,0,Input_Layer,-19.927385,5.3985434,0.007142302
sp|P33085|SHAKB_DROME,0,Input_Layer,-9.584333,16.473896,0.013462017
sp|Q9M2D2|VCCN1_ARATH,1,Input_Layer,-0.9811184,-19.888067,0.98380196
sp|E7FKV8|PK1L1_ORYLA,0,Input_Layer,20.657614,-8.199494,0.0026137475
sp|Q9H3M0|KCNF1_HUMAN,1,Input_Layer,4.559897,3.4400194,0.99818736
sp|P52192|IRK1_CAEEL,1,Input_Layer,-7.032775,-4.2239447,0.9949092
sp|O61715|INX19_CAEEL,0,Input_Layer,-13.856718,16.851713,0.005089336
sp|Q01956|KCNC3_RAT,1,Input_Layer,0.48982847,2.1490552,0.9991456
sp|P40310|TOK1_YEAST,1,Input_Layer,-8.06539,-13.654644,0.9989335
sp|O43497|CAC1G_HUMAN,1,Input_Layer,9.888154,8.30048,0.9982242
sp|Q03720|SLO_DROME,1,Input_Layer,8.714517,13.629288,0.99820924
sp|Q95L74|CY24B_BISBI,1,Input_Layer,12.790794,-0.4901696,0.9930448
sp|Q9UI33|SCNBA_HUMAN,1,Input_Layer,14.868426,-17.539295,0.99735355
sp|E1BNE9|KCNJ3_BOVIN,1,Input_Layer,-4.981986,-2.326305,0.9930362
sp|Q0P5A0|KCNK1_BOVIN,1,Input_Layer,9.441796,-10.991723,0.99830365
sp|Q8CFS6|KCNV2_MOUSE,1,Input_Layer,5.117604,3.2306561,0.9985453
sp|Q86XQ3|CTSR3_HUMAN,1,Input_Layer,10.893597,3.6755233,0.9978219
sp|Q9QZ65|KCJ13_CAVPO,1,Input_Layer,-7.118064,-2.6736133,0.99807173
sp|B5X1G3|GPHR_SALSA,1,Input_Layer,14.8292465,4.9214864,0.9939995
sp|Q5QM84|TPC1_ORYSJ,1,Input_Layer,8.813839,1.817914,0.99671495
sp|P51787|KCNQ1_HUMAN,1,Input_Layer,4.3559904,0.622681,0.99727935
sp|Q8IZF0|NALCN_HUMAN,1,Input_Layer,8.797589,6.0096607,0.9988751
sp|P21817|RYR1_HUMAN,1,Input_Layer,15.026035,14.757539,0.9923987
sp|Q1JV40|HVCN1_CIOIN,1,Input_Layer,7.157539,4.6786194,0.99656785
sp|A0JMD4|TPC2_DANRE,1,Input_Layer,9.273246,2.0816135,0.9976029
sp|Q8I4B0|KCNSK_CAEEL,1,Input_Layer,3.3130934,4.878456,0.9869053
sp|Q8NEC5|CTSR1_HUMAN,1,Input_Layer,12.548493,-7.6065164,0.9924231
sp|O01634|INX12_CAEEL,0,Input_Layer,-15.165041,17.310303,0.007999266
sp|Q28181|CNGB1_BOVIN,0,Input_Layer,18.958086,-13.099325,0.008953893
sp|Q8TDX9|PK1L1_HUMAN,0,Input_Layer,20.017963,-8.419118,0.009361646
sp|Q7Z442|PK1L2_HUMAN,0,Input_Layer,19.042694,-7.8112173,0.0035540438
sp|Q9LFN8|GLR26_ARATH,0,Input_Layer,-3.303781,-24.069075,0.006668129
sp|P02718|ACHD_TETCF,0,Input_Layer,-12.44106,10.372428,0.008940489
sp|Q5T3F8|CSCL2_HUMAN,0,Input_Layer,8.705292,-3.9089992,0.011691025
sp|Q9W0Y6|PAIN_DROME,0,Input_Layer,-10.792876,-6.6361294,0.001369876
sp|Q11069|TMC2_CAEEL,0,Input_Layer,-0.10760466,-6.0564265,0.0022926528
sp|Q07798|SPO75_YEAST,0,Input_Layer,-5.6700954,-16.237526,0.005910996
sp|Q21121|MCU_CAEEL,0,Input_Layer,16.52512,0.98073184,0.005713308
sp|Q06538|CSC1_YEAST,0,Input_Layer,-6.0507383,-17.21737,0.008433082
sp|Q5FKD1|FLUC2_LACAC,0,Input_Layer,-8.721828,25.19874,0.0052523846
sp|Q8VZL4|MSL1_ARATH,0,Input_Layer,2.552551,-21.26047,0.0045997547
sp|Q9JLF1|GBRT_MOUSE,0,Input_Layer,-12.374005,12.334734,0.010464167
sp|Q9Y0A1|ITPR_CAEEL,0,Input_Layer,16.77031,13.956298,0.0002312847
sp|Q7RTS5|OTOP3_HUMAN,0,Input_Layer,19.100492,4.254912,0.010791361
sp|Q94A87|CSCL9_ARATH,0,Input_Layer,-3.1610243,-18.595556,0.0019316698
sp|Q86LG1|PPK28_DROME,0,Input_Layer,-21.882614,3.7202463,0.00442456
sp|P24585|DEG1_CAEEL,0,Input_Layer,-20.526173,1.4639986,0.004064073
sp|Q9SFB0|DTX43_ARATH,0,Input_Layer,-0.23235457,-22.56446,0.00320229
sp|P23849|TRKG_ECOLI,0,Input_Layer,-11.08779,-3.4351623,0.0038422155
sp|Q8GXJ4|GLR34_ARATH,0,Input_Layer,-3.5233545,-23.225742,0.01459253
sp|P26362|CFTR_SQUAC,0,Input_Layer,-8.830841,-8.589163,0.0005276786
sp|P9WJN5|MSCL_MYCTU,0,Input_Layer,-3.78135,20.540524,0.0067826225
sp|O61788|INX17_CAEEL,0,Input_Layer,-16.797619,17.116045,0.007054727
sp|Q8LBL1|KCO1_ARATH,0,Input_Layer,7.3154316,-20.609283,0.0069237826
sp|G5ECT0|PBO5_CAEEL,0,Input_Layer,-14.089043,8.499716,0.0056561204
sp|Q09274|UN105_CAEEL,0,Input_Layer,-21.69934,1.5698549,0.0027389522
sp|Q24352|GBRAL_DROME,0,Input_Layer,-8.691926,7.629546,0.0026176
sp|E2JF22|PIEZ1_MOUSE,0,Input_Layer,19.032074,9.061589,0.008431579
sp|P25396|TEHA_ECOLI,0,Input_Layer,-14.783447,-17.059431,0.011498823
sp|Q9NA73|T38B2_CAEEL,0,Input_Layer,15.799193,7.2445765,0.010151463
sp|Q9LD37|CNG20_ARATH,0,Input_Layer,6.782718,-16.891108,0.015431303
sp|E9NA96|IR25A_DROME,0,Input_Layer,-10.453583,1.2956876,0.0045238575
sp|Q9VL84|PPK11_DROME,0,Input_Layer,-23.540556,4.7182794,0.005241991
sp|P22770|ACHA7_CHICK,0,Input_Layer,-7.9127254,13.079922,0.0011603732
sp|Q84M97|MSL9_ARATH,0,Input_Layer,3.0355859,-18.080067,0.0006535589
sp|P25123|GBRB_DROME,0,Input_Layer,-6.368806,8.929217,0.012555823
sp|P20237|GBRA4_BOVIN,0,Input_Layer,-8.351129,9.426991,0.005542217
sp|P04758|ACHB_BOVIN,0,Input_Layer,-8.947221,13.4275875,0.0058910633
sp|Q76LB1|ALMT1_WHEAT,0,Input_Layer,1.0201739,-25.608133,0.013563603
sp|Q61180|SCNNA_MOUSE,0,Input_Layer,-18.064896,1.6707962,0.0018700387
sp|P34271|CUP4_CAEEL,0,Input_Layer,-15.085963,7.940974,0.005502721
sp|Q9ULK0|GRID1_HUMAN,0,Input_Layer,-4.9377146,2.5466847,0.010395768
sp|Q03445|GLR1_DROME,0,Input_Layer,-7.525128,2.318488,0.00925515
sp|Q0V9Z3|PACC1_XENTR,0,Input_Layer,-23.180239,6.3766475,0.0023002964
sp|Q96S66|CLCC1_HUMAN,0,Input_Layer,11.545097,21.507406,0.004061437
sp|Q12252|PHM7_YEAST,0,Hidden_1,-3.559893,-10.024443,0.0061979224
sp|P51172|SCNND_HUMAN,0,Hidden_1,-10.052034,-0.34993622,0.017027335
sp|P0AEB5|YNAI_ECOLI,0,Hidden_1,-8.667715,-20.663673,0.002978769
sp|P37020|GEF1_YEAST,1,Hidden_1,31.629662,11.245417,0.9986046
sp|O49696|ALMTC_ARATH,0,Hidden_1,3.8600614,-15.015022,0.005705231
sp|Q96KK3|KCNS1_HUMAN,1,Hidden_1,26.415947,9.881658,0.9940454
sp|Q12791|KCMA1_HUMAN,1,Hidden_1,19.313189,4.031685,0.9973003
sp|A0A061ACU2|PIEZ1_CAEEL,0,Hidden_1,0.34775686,10.833956,0.0040229596
sp|P39285|MSCM_ECOLI,0,Hidden_1,-9.129473,10.513008,0.0018720547
sp|Q9HCF6|TRPM3_HUMAN,0,Hidden_1,-3.0910468,7.914744,0.0021173693
sp|Q9JK45|KCNQ5_MOUSE,1,Hidden_1,23.510862,8.724846,0.9969791
sp|Q8TDN1|KCNG4_HUMAN,1,Hidden_1,26.406923,10.148142,0.9951369
sp|Q9VR82|INX6_DROME,0,Hidden_1,-19.316683,-10.782917,0.0013842388
sp|P58735|S26A1_MOUSE,0,Hidden_1,-10.041572,5.252142,0.0031706446
sp|P45963|ACR7_CAEEL,0,Hidden_1,-23.303858,-7.6890087,0.010683724
sp|Q7RTM1|OTOP1_HUMAN,0,Hidden_1,-2.7469134,-2.200132,0.004651616
sp|D3KZG3|TMC1_CAEEL,0,Hidden_1,2.6560476,1.8353568,0.0034280138
sp|Q00975|CAC1B_HUMAN,1,Hidden_1,22.4264,4.2369714,0.9974023
sp|T0DVE4|MSCS_HELPX,0,Hidden_1,-9.207321,-20.145975,0.0035382642
sp|Q99572|P2RX7_HUMAN,0,Hidden_1,-8.62367,-2.7590704,0.007972057
sp|Q4ZHA6|KCNB2_BOVIN,1,Hidden_1,22.986988,9.326855,0.9922162
sp|A4FV75|TM38A_BOVIN,0,Hidden_1,-1.373401,-17.185503,0.0014207778
sp|P24612|MEC4_CAEEL,0,Hidden_1,-12.232095,-6.4418635,0.004063791
sp|P09483|ACHA4_RAT,0,Hidden_1,-21.938095,-0.811982,0.0026672208
sp|G5EFC3|KCNAG_CAEEL,1,Hidden_1,22.305685,11.397383,0.99687696
sp|Q9VDH6|IR93A_DROME,0,Hidden_1,-6.962737,-12.9029665,0.0011685515
sp|Q9GZU1|MCLN1_HUMAN,0,Hidden_1,-6.5187464,6.2052817,0.012405808
sp|O43526|KCNQ2_HUMAN,1,Hidden_1,24.389112,8.207872,0.99439263
sp|P56475|GBRR1_MOUSE,0,Hidden_1,-23.105597,-0.92271566,0.0066253934
sp|P44741|TEHA_HAEIN,0,Hidden_1,-4.1051927,-21.886707,0.005937961
sp|Q5YCC7|TMC3_CHICK,0,Hidden_1,1.1432781,1.8720007,0.022459174
sp|Q94526|ORK1_DROME,0,Hidden_1,5.9140205,0.4185911,0.0041326648
sp|O81776|GLR24_ARATH,0,Hidden_1,6.118993,-15.239626,0.0049735643
sp|Q7NDN8|GLIC_GLOVI,0,Hidden_1,-22.952589,-10.118647,0.011952806
sp|Q91ZF1|KCJ15_RAT,1,Hidden_1,27.613344,4.845428,0.9989784
sp|O65718|CNGC2_ARATH,1,Hidden_1,17.589949,-1.6066464,0.97584164
sp|Q7RTX7|CTSR4_HUMAN,1,Hidden_1,19.309107,14.994641,0.9987017
sp|Q9PT84|KCNH6_CHICK,1,Hidden_1,23.728481,7.597974,0.9903045
sp|P0C7B7|ELIC_DICCH,0,Hidden_1,-22.943647,-10.16566,0.0073608523
sp|Q9Z258|KCNT1_RAT,1,Hidden_1,24.888285,6.7590694,0.9940958
sp|C9D7C2|CAC1A_APIME,1,Hidden_1,20.79563,5.1463156,0.9989165
sp|Q9U1S7|PKD2_CAEEL,0,Hidden_1,-10.95331,-12.288892,0.0033168113
sp|Q9C8G5|CSCLD_ARATH,0,Hidden_1,-2.2031436,-8.752474,0.001921002
sp|Q8BLA8|TRPA1_MOUSE,1,Hidden_1,-10.588336,-15.243567,0.9500614
sp|Q8VHK5|MLC1_MOUSE,0,Hidden_1,-5.0658374,-2.8743732,0.0048281816
sp|Q02280|KCNAE_DROME,1,Hidden_1,21.885983,8.386146,0.99457353
sp|Q8RXR2|CLCF_ARATH,1,Hidden_1,32.42019,7.398431,0.99648285
sp|D0E0C2|SCNA1_PERAM,1,Hidden_1,22.873253,17.31557,0.9952519
sp|Q9U3N4|INX6_CAEEL,0,Hidden_1,-18.955494,-12.810811,0.006429574
sp|Q05037|KCNA4_BOVIN,1,Hidden_1,23.26376,11.172954,0.99863595
sp|Q87WD2|ERIC_PSESM,1,Hidden_1,32.10344,9.786535,0.9955519
sp|Q9U6L4|TTY1_DROME,0,Hidden_1,7.3100014,-3.8788862,0.004139649
sp|Q21974|UNC8_CAEEL,0,Hidden_1,-11.337807,-6.005206,0.006074516
sp|Q58543|MSMJL_METJA,0,Hidden_1,-8.924564,-19.487156,0.00465709
sp|Q9VAJ3|PPK19_DROME,0,Hidden_1,-9.502708,-7.5180135,0.008375644
sp|Q5N941|POLLU_ORYSJ,0,Hidden_1,6.132285,-12.8903,0.0032507947
sp|Q21123|INX7_CAEEL,0,Hidden_1,-16.354725,-11.271413,0.0010655823
sp|Q21973|BST15_CAEEL,0,Hidden_1,-14.009214,-11.459626,0.004797249
sp|Q5R3K3|CAHM6_HUMAN,0,Hidden_1,1.1305286,-2.656265,0.013178906
sp|S5VBU1|TM175_STRC3,0,Hidden_1,-12.10354,-22.657629,0.004511617
sp|Q8BGR2|LRC8D_MOUSE,0,Hidden_1,-3.290335,0.80352294,0.0023523576
sp|Q9R244|TRPC2_MOUSE,0,Hidden_1,-5.2267194,6.7356443,0.00060457655
sp|P48182|ACR2_CAEEL,0,Hidden_1,-23.642782,-5.3810616,0.0145266
sp|Q57CD7|FLUC1_BRUAB,0,Hidden_1,-9.086708,-22.03906,0.006661074
sp|Q9W0T5|PYX_DROME,0,Hidden_1,-10.519798,-13.910535,0.010250391
sp|Q21415|GLR3_CAEEL,0,Hidden_1,-5.7712674,-15.005514,0.00157141
sp|Q7ZWK8|OTOP1_DANRE,0,Hidden_1,-2.9335802,-2.8043215,0.0011944706
sp|A8DYE2|TRPCG_DROME,0,Hidden_1,2.0305312,5.369114,0.004896629
sp|Q03412|UNC7_CAEEL,0,Hidden_1,-16.3891,-12.315807,0.004060207
sp|G5EBR3|GLUCL_CAEEL,0,Hidden_1,-23.062351,-4.789605,0.004357015
sp|P0A333|KCSA_STRCO,0,Hidden_1,-7.627874,-23.947987,0.011752794
sp|P70227|ITPR3_MOUSE,0,Hidden_1,1.7539474,8.462866,0.009706427
sp|Q8TD43|TRPM4_HUMAN,0,Hidden_1,-4.219869,5.62018,0.00041148879
sp|Q8JFN7|ACH91_ONCMY,0,Hidden_1,-21.355434,-3.3600798,0.007758179
sp|Q9JIS7|CAC1F_MOUSE,1,Hidden_1,22.708128,3.3043444,0.9974718
sp|P24045|GBRB4_CHICK,0,Hidden_1,-22.640285,-1.5388335,0.006320525
sp|Q9GQ00|MOD1_CAEEL,0,Hidden_1,-22.343557,-3.9008996,0.0033323271
sp|A5X5Y0|5HT3E_HUMAN,0,Hidden_1,-20.10197,1.1653053,0.0022036235
sp|Q95T12|FLOWR_DROME,0,Hidden_1,-14.864763,11.177904,0.008063555
sp|Q6Q1P3|KCNKI_RAT,1,Hidden_1,25.78995,13.849088,0.99458176
sp|Q80SX5|OTOP2_MOUSE,0,Hidden_1,-2.486842,-2.42223,0.0020765262
sp|Q6UXY8|TMC5_HUMAN,0,Hidden_1,0.20201036,0.6856925,0.010308704
sp|Q96NY7|CLIC6_HUMAN,1,Hidden_1,25.873367,15.976604,0.9979609
sp|Q9V9N1|IR40A_DROME,0,Hidden_1,-7.0126166,-12.564589,0.0018995191
sp|P51800|CLCKA_HUMAN,1,Hidden_1,30.134628,9.159744,0.9967224
sp|P17970|KCNAB_DROME,1,Hidden_1,20.853321,8.2220545,0.9946747
sp|A2ARP9|CTSR2_MOUSE,1,Hidden_1,18.571795,15.128301,0.9947284
sp|F4I248|CSCLB_ARATH,0,Hidden_1,-0.81154907,-8.177445,0.0034962725
sp|A6H7B0|PLLP_BOVIN,0,Hidden_1,-14.478868,10.815758,0.004323559
sp|P35500|SCNA_DROME,1,Hidden_1,20.996407,3.8754318,0.999257
sp|P23645|BIB_DROME,0,Hidden_1,7.5128636,-3.6120267,0.006138313
sp|Q7KVW5|KCNN_DROME,0,Hidden_1,9.949316,-3.049903,0.0050419276
sp|Q8K424|TRPV3_MOUSE,0,Hidden_1,-5.5382433,8.331841,0.0001496702
sp|A2AIR5|NMD3A_MOUSE,0,Hidden_1,-12.591568,5.535231,0.014379261
sp|Q653P0|KOR1_ORYSJ,1,Hidden_1,19.699677,10.163349,0.9909087
sp|Q91WD2|TRPV6_MOUSE,0,Hidden_1,-5.8693447,7.405135,0.005825969
sp|F4IME2|MSL8_ARATH,0,Hidden_1,6.7280555,-11.67541,0.00020474904
sp|Q9U298|ACH8_CAEEL,0,Hidden_1,-23.641808,-6.992508,0.0031387485
sp|Q16478|GRIK5_HUMAN,0,Hidden_1,-13.768126,5.741657,0.0082837045
sp|M9MSG8|PIEZO_DROME,0,Hidden_1,0.36689216,10.808398,0.0044257864
sp|P31069|KCH_ECOLI,0,Hidden_1,-7.283698,-20.68698,0.001973699
sp|P34299|GLR1_CAEEL,0,Hidden_1,-6.5237074,-15.071515,0.0056772865
sp|Q9Y2U2|KCNK7_HUMAN,1,Hidden_1,27.963533,14.166163,0.9916522
sp|G5ECJ0|GBR1_CAEEL,0,Hidden_1,-21.112846,-5.4358287,0.0014157534
sp|O13263|SCNNH_XENLA,0,Hidden_1,-10.605719,-4.821516,0.005270178
sp|D9N164|IRK10_PARME,1,Hidden_1,29.061165,3.8448613,0.99002516
sp|H1AFJ6|SCNNB_NEOFS,0,Hidden_1,-10.355848,-5.234385,0.011872835
sp|A0A0U1QT59|TMC_DROME,0,Hidden_1,3.7708876,1.5582769,0.0015128044
sp|Q8GX93|CLCE_ARATH,1,Hidden_1,32.610973,7.0097914,0.99699485
sp|G5EDN0|ACC3_CAEEL,0,Hidden_1,-22.809284,-3.3389323,0.0039694277
sp|Q9EQJ0|TPC1_MOUSE,1,Hidden_1,19.397041,12.526751,0.9963257
sp|O14764|GBRD_HUMAN,0,Hidden_1,-23.645164,-1.326134,0.0076377564
sp|O15547|P2RX6_HUMAN,0,Hidden_1,-10.333573,1.2131563,0.007821459
sp|Q9HB15|KCNKC_HUMAN,1,Hidden_1,27.03968,12.41153,0.99820256
sp|Q9BVC6|TM109_HUMAN,1,Hidden_1,17.010296,14.417784,0.99482995
sp|Q96ER9|MITOK_HUMAN,0,Hidden_1,-13.443349,2.0394683,0.011437197
sp|O95279|KCNK5_HUMAN,1,Hidden_1,25.310354,12.294161,0.9975134
sp|Q5A2J7|YVC1_CANAL,1,Hidden_1,16.46305,11.916453,0.9915548
sp|Q24418|NMDA1_DROME,1,Hidden_1,14.437667,5.243126,0.95972186
sp|Q8IU68|TMC8_HUMAN,0,Hidden_1,-7.669082,2.2189772,0.0018001375
sp|A0A0R4IMY7|TRPM2_DANRE,0,Hidden_1,-3.0419993,6.091119,0.0017618318
sp|P08104|SCN3A_RAT,1,Hidden_1,21.295643,3.1115806,0.9988938
sp|Q9U6B8|ORAI1_DROME,0,Hidden_1,9.597772,-3.2936516,0.0146187525
sp|Q90218|GLRK_ANAPL,0,Hidden_1,-5.411115,-16.257292,0.003472464
sp|Q9FL25|KCO2_ARATH,0,Hidden_1,8.83837,-14.342807,0.00080971926
sp|Q401N2|ZACN_HUMAN,0,Hidden_1,-19.698153,1.4915807,0.009062216
sp|P57789|KCNKA_HUMAN,1,Hidden_1,24.765543,12.185338,0.996997
sp|Q10025|DEL10_CAEEL,0,Hidden_1,-13.19207,-7.724692,0.0019832011
sp|Q6I7B9|MAT_INCAA,0,Hidden_1,-13.160938,-14.516003,0.008687871
sp|Q54AX6|CLCA_DICDI,1,Hidden_1,31.77847,11.339856,0.99443877
sp|O27564|MTHK_METTH,0,Hidden_1,-6.737977,-19.262861,0.0024591251
sp|P78334|GBRE_HUMAN,0,Hidden_1,-22.87945,-0.0876691,0.0015315266
sp|P92943|CLCD_ARATH,1,Hidden_1,30.99675,9.584287,0.99933964
sp|O00555|CAC1A_HUMAN,1,Hidden_1,21.631516,4.5685945,0.9979488
sp|Q90805|CNG1_CHICK,0,Hidden_1,4.901662,5.05091,0.014278417
sp|P17644|ACH2_DROME,0,Hidden_1,-22.059013,-2.1563818,0.0059980555
sp|Q9P0X4|CAC1I_HUMAN,1,Hidden_1,23.549084,4.2438264,0.99935156
sp|Q25011|FANA_CORAP,0,Hidden_1,-10.3422,-8.149668,0.0028185986
sp|P10861|UCP1_BOVIN,0,Hidden_1,-16.90665,5.2155967,0.0031568005
sp|Q979Z2|TVOK_THEVO,0,Hidden_1,-6.7872133,-19.389263,0.0043484927
sp|Q19907|TWK12_CAEEL,0,Hidden_1,6.363781,0.9293124,0.015303428
sp|Q32LT7|TTYH3_DANRE,0,Hidden_1,-4.6996436,-0.9928115,0.002374486
sp|O18276|GBRB_CAEEL,0,Hidden_1,-23.937447,-3.940421,0.0058739134
sp|Q9NY37|ASIC5_HUMAN,0,Hidden_1,-10.407861,-2.6657302,0.0031646278
sp|F4IN58|PIEZO_ARATH,0,Hidden_1,-1.744966,-4.2506948,0.00338887
sp|P56699|CAC1E_DIPOM,1,Hidden_1,21.826778,5.3580484,0.997969
sp|Q9UK17|KCND3_HUMAN,1,Hidden_1,22.722752,10.380335,0.9989813
sp|Q24270|CAC1D_DROME,1,Hidden_1,19.923733,7.1245246,0.9955848
sp|Q9U3K5|INX2_CAEEL,0,Hidden_1,-18.64429,-12.033427,0.0029097341
sp|Q7Z020|TRPA1_DROME,0,Hidden_1,-10.206395,-14.288624,0.010172826
sp|Q9NQ90|ANO2_HUMAN,0,Hidden_1,-4.72031,3.270607,0.05211231
sp|Q9YDF8|KVAP_AERPE,1,Hidden_1,19.862553,18.196358,0.9965771
sp|P79100|TRPC4_BOVIN,0,Hidden_1,-4.3055897,7.9758773,0.008664232
sp|Q5R1P3|NMDE2_CANLF,1,Hidden_1,14.675465,5.3244967,0.99376076
sp|F1QFU0|TMC1_DANRE,0,Hidden_1,0.30931747,1.9954621,0.003965173
sp|Q03516|RSN1_YEAST,0,Hidden_1,-3.4574687,-9.945793,0.013916827
sp|Q05973|SCN1_HETBL,1,Hidden_1,22.323456,16.426016,0.99678934
sp|G5EG88|ACH23_CAEEL,0,Hidden_1,-22.431107,-6.4654202,0.010312071
sp|Q8L7W1|MSL3_ARATH,0,Hidden_1,3.8114202,-10.93143,0.0068416484
sp|Q9LS46|ALMT9_ARATH,0,Hidden_1,3.640181,-14.968371,0.0067945383
sp|P97794|KCNJ8_MOUSE,1,Hidden_1,27.694101,5.441458,0.99827933
sp|O76554|ACH4_CAEEL,0,Hidden_1,-21.819614,-6.6369705,0.002815313
sp|Q9FWX6|KCO4_ARATH,0,Hidden_1,9.02157,-15.030583,0.004930821
sp|P29993|ITPR_DROME,0,Hidden_1,2.3427923,9.153263,0.0012886279
sp|Q6P9J9|ANO6_MOUSE,1,Hidden_1,-4.5284185,3.2466435,0.9547627
sp|Q96RD6|PANX2_HUMAN,0,Hidden_1,-2.0472977,0.070634775,0.01708752
sp|Q8CIR4|TRPM6_MOUSE,0,Hidden_1,-2.508406,5.5540223,0.0017753536
sp|O74839|MSY1_SCHPO,0,Hidden_1,6.3534865,-10.19176,0.0035456086
sp|A8MYU2|KCNU1_HUMAN,1,Hidden_1,23.239496,15.254507,0.9912985
sp|Q9VGH7|CLCN2_DROME,1,Hidden_1,30.56847,10.920175,0.9983323
sp|Q64347|CLCN1_MOUSE,1,Hidden_1,29.795244,9.259818,0.99724305
sp|P0C0S1|MSCS_ECOLI,0,Hidden_1,-9.709516,-20.474314,0.0087650865
sp|Q7Z404|TMC4_HUMAN,0,Hidden_1,-7.008098,2.2987807,0.00090286456
sp|O61365|NACH_DROME,0,Hidden_1,-9.394876,-7.085252,0.0055721523
sp|Q9FVQ5|CSCL1_ARATH,0,Hidden_1,-1.2861933,-7.8249106,0.0043792333
sp|E4TN31|TM175_MARTH,0,Hidden_1,-11.392616,-22.577639,0.0066972137
sp|Q5FKD2|FLUC1_LACAC,0,Hidden_1,-10.758973,-26.844696,0.005294004
sp|Q96L42|KCNH8_HUMAN,1,Hidden_1,23.266571,7.831303,0.99782073
sp|Q05B45|TACAN_BOVIN,0,Hidden_1,-6.075117,4.552062,0.003478115
sp|Q98GN8|CNGK1_RHILO,0,Hidden_1,-6.9846816,-22.5178,0.003414792
sp|Q8CD54|PIEZ2_MOUSE,0,Hidden_1,-2.3224378,3.098363,0.015932493
sp|Q09917|PKD2_SCHPO,0,Hidden_1,-3.6100504,-8.635926,0.006769773
sp|Q9JJV9|SCN5A_MOUSE,1,Hidden_1,22.525408,5.0700517,0.9976827
sp|Q57603|MVP_METJA,1,Hidden_1,19.936415,18.165384,0.9932208
sp|Q9LV72|GLR12_ARATH,0,Hidden_1,6.5943885,-15.520191,0.001356573
sp|Q2HJ63|CAHM2_BOVIN,0,Hidden_1,1.733012,-2.867467,0.050846603
sp|Q9BSA9|TM175_HUMAN,0,Hidden_1,-10.422703,6.2908826,0.0044862265
sp|Q27295|EAT5_CAEEL,0,Hidden_1,-17.862017,-11.752179,0.004530115
sp|Q08BI9|MCU_DANRE,0,Hidden_1,-13.8312025,2.0327997,0.009284692
sp|Q60934|GRIK1_MOUSE,0,Hidden_1,-14.1596985,5.699771,0.0097226845
sp|E9PTA2|TRPM2_RAT,0,Hidden_1,-3.0176709,6.164922,0.002010873
sp|Q18297|TRPA1_CAEEL,0,Hidden_1,-9.942471,-14.333127,0.006602733
sp|Q9W0Y8|SCN60_DROME,1,Hidden_1,19.574247,7.301581,0.99450773
sp|Q9SZT4|CSCLE_ARATH,0,Hidden_1,-0.06094056,-7.784219,0.0017073714
sp|Q9NA13|IPLA_DICDI,0,Hidden_1,1.9504138,11.585668,0.0009668574
sp|Q9Z307|KCJ16_MOUSE,1,Hidden_1,28.504034,5.364969,0.99921846
sp|Q8BFU8|VGLU3_MOUSE,0,Hidden_1,-16.234941,5.185185,0.00592698
sp|Q9V9Y4|PHCL2_DROME,0,Hidden_1,-22.047047,-5.583074,0.004410367
sp|P37002|FLUC_ECOLI,0,Hidden_1,-10.12803,-25.772188,0.0042228764
sp|Q7VYU0|FLUC_BORPE,0,Hidden_1,-10.120491,-25.781458,0.006000412
sp|A0MFS9|CACLC_ARATH,0,Hidden_1,-2.222204,-7.047765,0.011910908
sp|A0A1S4GYH6|IR21A_ANOGA,0,Hidden_1,-7.184685,-11.738358,0.006563972
sp|Q91892|CLCC1_XENLA,0,Hidden_1,0.39765063,-11.528086,0.005733187
sp|Q19038|DEL1_CAEEL,0,Hidden_1,-10.600758,-6.213886,0.0072836108
sp|Q9NTG1|PKDRE_HUMAN,0,Hidden_1,-7.743436,-0.011609944,0.0056171594
sp|Q6H1V1|BEST3_MOUSE,0,Hidden_1,-13.400659,-0.32647017,0.009130484
sp|Q9XXD1|KVS4_CAEEL,1,Hidden_1,22.136852,12.796143,0.99880826
sp|Q9BXS9|S26A6_HUMAN,0,Hidden_1,-9.922823,5.144037,0.0049096043
sp|Q4GZT3|PKD2_BOVIN,1,Hidden_1,21.000761,9.929914,0.9861259
sp|P76175|CLCB_ECOLI,1,Hidden_1,31.926825,9.009249,0.9964934
sp|Q22271|UNC58_CAEEL,1,Hidden_1,17.61958,9.459732,0.9835585
sp|Q9GJS9|GLRB_BOVIN,0,Hidden_1,-23.27666,-2.121026,0.002457114
sp|Q01118|SCN7A_HUMAN,1,Hidden_1,23.091515,17.479858,0.9941288
sp|A7T1N0|TMP2L_NEMVE,0,Hidden_1,-0.6183574,6.033413,0.011784393
sp|Q8VYR0|MCU2_ARATH,0,Hidden_1,3.693649,-13.020612,0.013000505
sp|D3Z291|CAHM1_MOUSE,1,Hidden_1,2.572001,-2.8296857,0.9556125
sp|Q9SJE8|ALMT2_ARATH,0,Hidden_1,4.4169784,-15.179473,0.008408702
sp|O82226|CNGC6_ARATH,1,Hidden_1,17.690355,-1.4341129,0.978626
sp|P34586|TRPL_CAEEL,0,Hidden_1,0.9778829,5.1140895,0.0025484278
sp|Q7TN60|TMC6_MOUSE,0,Hidden_1,-7.15622,2.451718,0.00074669864
sp|Q9VAS7|INX3_DROME,0,Hidden_1,-19.830505,-12.52524,0.008252714
sp|Q8K3P1|P2RX2_MOUSE,0,Hidden_1,-10.374578,1.0749264,0.00405072
sp|Q9W5A5|TTY2_DROME,0,Hidden_1,6.613899,-4.354337,0.0065976866
sp|Q93971|TRPG_CAEEL,0,Hidden_1,2.198093,5.3405027,0.0021237007
sp|Q20332|TTYH1_CAEEL,0,Hidden_1,-5.3590393,-8.51057,0.015633343
sp|Q9Y3Q4|HCN4_HUMAN,1,Hidden_1,24.769926,9.678102,0.9979894
sp|Q708S3|ASI4B_DANRE,0,Hidden_1,-10.754439,-2.70876,0.0015379325
sp|Q96RD7|PANX1_HUMAN,0,Hidden_1,-3.0087543,0.19849208,0.0009400702
sp|Q8N5C1|CAHM5_HUMAN,0,Hidden_1,0.97451806,-3.0229251,0.0112823015
sp|Q9MYW0|TRPC6_BOVIN,0,Hidden_1,-4.669551,8.115533,0.0031726162
sp|Q24498|RYR_DROME,0,Hidden_1,4.902299,10.160372,0.02559239
sp|Q8CE93|CAHM4_MOUSE,0,Hidden_1,1.1648916,-3.362798,0.012393247
sp|Q2EG98|PK1L3_MOUSE,0,Hidden_1,-7.6940007,-1.31995,0.008022566
sp|Q96PH1|NOX5_HUMAN,0,Hidden_1,-8.628114,4.723703,0.022395212
sp|Q23435|TWK9_CAEEL,0,Hidden_1,6.937247,1.4009446,0.021720579
sp|Q96T54|KCNKH_HUMAN,1,Hidden_1,27.300533,13.685177,0.99648416
sp|O70212|5HT3A_CAVPO,0,Hidden_1,-20.42721,0.9327706,0.0024972456
sp|Q14643|ITPR1_HUMAN,0,Hidden_1,1.7144364,8.427344,0.010391326
sp|Q18120|TWK18_CAEEL,1,Hidden_1,17.071012,9.539713,0.98637956
sp|Q9HBA0|TRPV4_HUMAN,0,Hidden_1,-5.680872,7.739561,0.0009999354
sp|P0DTC3|AP3A_SARS2,0,Hidden_1,-13.529133,-14.490126,0.0064342427
sp|Q10914|GLR2_CAEEL,0,Hidden_1,-6.298786,-14.463207,0.0011897242
sp|P50077|CCH1_YEAST,1,Hidden_1,16.356989,12.165961,0.99819785
sp|P0C550|AKT1_ORYSI,1,Hidden_1,19.680586,10.176188,0.99280375
sp|Q1PE15|MCU4_ARATH,0,Hidden_1,3.857468,-12.900245,0.0036471928
sp|P54244|ACH3_CAEEL,0,Hidden_1,-21.455324,-6.2820563,0.00964572
sp|P75783|YBIO_ECOLI,0,Hidden_1,-9.303249,10.41093,0.005277883
sp|P0AAT4|YBDG_ECOLI,0,Hidden_1,-9.705709,10.248187,0.010303452
sp|Q6GM04|TTY1B_XENLA,0,Hidden_1,-4.780541,-1.1483955,0.0018643794
sp|Q54LT0|MCU_DICDI,0,Hidden_1,-2.2482307,-14.6171255,0.0060661184
sp|C3VMW3|CLD17_PIG,0,Hidden_1,-14.125526,10.458733,0.0062198336
sp|P9WP63|FLUC1_MYCTU,0,Hidden_1,-9.385255,-26.00222,0.0033484786
sp|Q9UM00|TMCO1_HUMAN,0,Hidden_1,-15.011465,2.1809044,0.004188299
sp|P26591|GLRK_LYMST,0,Hidden_1,-6.182684,-15.552317,0.0075587863
sp|Q18593|CLHM1_CAEEL,1,Hidden_1,2.6421006,-3.5478213,0.97147906
sp|Q13936|CAC1C_HUMAN,1,Hidden_1,22.008606,3.5627017,0.99705076
sp|P0A742|MSCL_ECOLI,0,Hidden_1,-12.98175,-20.461952,0.008644922
sp|Q9V3W6|INX7_DROME,0,Hidden_1,-19.402838,-11.618722,0.0013212708
sp|Q19746|INX3_CAEEL,0,Hidden_1,-17.87458,-12.495246,0.006421105
sp|Q8R6L9|MSCS_CALS4,0,Hidden_1,-9.433026,-19.77349,0.011469585
sp|P19334|TRP_DROME,0,Hidden_1,4.2394013,4.64511,0.0006732617
sp|A0A2R8Q3S9|CLCC1_DANRE,0,Hidden_1,0.4827738,-11.3534355,0.007414993
sp|Q9WVJ0|KCNH3_MOUSE,1,Hidden_1,25.535736,9.134848,0.9962268
sp|O54912|KCNK3_RAT,1,Hidden_1,26.50484,11.800979,0.9998092
sp|Q5YCC5|TMC7_CHICK,0,Hidden_1,-5.2921305,1.0841991,0.01380201
sp|Q96D96|HVCN1_HUMAN,1,Hidden_1,19.535053,13.823696,0.9956813
sp|A0A086F3E3|TM175_CHRP1,0,Hidden_1,-12.275863,-22.729984,0.0074022394
sp|Q7Z2W7|TRPM8_HUMAN,0,Hidden_1,-2.6468382,6.743157,0.007889484
sp|Q86JM7|P2XA_DICDI,0,Hidden_1,-8.546812,-5.455867,0.007142302
sp|P33085|SHAKB_DROME,0,Hidden_1,-19.727057,-2.1795332,0.013462017
sp|Q9M2D2|VCCN1_ARATH,1,Hidden_1,32.85119,6.2375526,0.98380196
sp|E7FKV8|PK1L1_ORYLA,0,Hidden_1,-8.459299,-0.6439654,0.0026137475
sp|Q9H3M0|KCNF1_HUMAN,1,Hidden_1,22.727636,12.95296,0.99818736
sp|P52192|IRK1_CAEEL,1,Hidden_1,28.88951,6.0488725,0.9949092
sp|O61715|INX19_CAEEL,0,Hidden_1,-17.162106,-12.174856,0.005089336
sp|Q01956|KCNC3_RAT,1,Hidden_1,24.579514,10.480892,0.9991456
sp|P40310|TOK1_YEAST,1,Hidden_1,15.52795,11.936722,0.9989335
sp|O43497|CAC1G_HUMAN,1,Hidden_1,23.635054,4.8249645,0.9982242
sp|Q03720|SLO_DROME,1,Hidden_1,19.093273,4.273584,0.99820924
sp|Q95L74|CY24B_BISBI,1,Hidden_1,16.834488,6.7596703,0.9930448
sp|Q9UI33|SCNBA_HUMAN,1,Hidden_1,22.850103,16.587986,0.99735355
sp|E1BNE9|KCNJ3_BOVIN,1,Hidden_1,26.816437,5.816756,0.9930362
sp|Q0P5A0|KCNK1_BOVIN,1,Hidden_1,26.270552,13.018637,0.99830365
sp|Q8CFS6|KCNV2_MOUSE,1,Hidden_1,23.235605,12.618491,0.9985453
sp|Q86XQ3|CTSR3_HUMAN,1,Hidden_1,19.808054,15.644559,0.9978219
sp|Q9QZ65|KCJ13_CAVPO,1,Hidden_1,28.333427,4.649545,0.99807173
sp|B5X1G3|GPHR_SALSA,1,Hidden_1,17.655266,4.222265,0.9939995
sp|Q5QM84|TPC1_ORYSJ,1,Hidden_1,19.19061,12.290839,0.99671495
sp|P51787|KCNQ1_HUMAN,1,Hidden_1,24.195383,8.8247,0.99727935
sp|Q8IZF0|NALCN_HUMAN,1,Hidden_1,21.772785,6.419113,0.9988751
sp|P21817|RYR1_HUMAN,1,Hidden_1,5.559077,10.290433,0.9923987
sp|Q1JV40|HVCN1_CIOIN,1,Hidden_1,20.761976,14.306363,0.99656785
sp|A0JMD4|TPC2_DANRE,1,Hidden_1,19.048298,12.712787,0.9976029
sp|Q8I4B0|KCNSK_CAEEL,1,Hidden_1,21.595688,12.279005,0.9869053
sp|Q8NEC5|CTSR1_HUMAN,1,Hidden_1,17.681118,16.06799,0.9924231
sp|O01634|INX12_CAEEL,0,Hidden_1,-17.940363,-13.079034,0.007999266
sp|Q28181|CNGB1_BOVIN,0,Hidden_1,5.7964125,4.2244706,0.008953893
sp|Q8TDX9|PK1L1_HUMAN,0,Hidden_1,-8.401217,-0.37897784,0.009361646
sp|Q7Z442|PK1L2_HUMAN,0,Hidden_1,-8.043881,0.6938669,0.0035540438
sp|Q9LFN8|GLR26_ARATH,0,Hidden_1,6.249831,-14.884099,0.006668129
sp|P02718|ACHD_TETCF,0,Hidden_1,-23.229052,-6.147636,0.008940489
sp|Q5T3F8|CSCL2_HUMAN,0,Hidden_1,-4.3163404,1.5315719,0.011691025
sp|Q9W0Y6|PAIN_DROME,0,Hidden_1,-9.951192,-13.543395,0.001369876
sp|Q11069|TMC2_CAEEL,0,Hidden_1,2.6747773,1.9310989,0.0022926528
sp|Q07798|SPO75_YEAST,0,Hidden_1,-2.2411952,-10.197357,0.005910996
sp|Q21121|MCU_CAEEL,0,Hidden_1,-2.3209934,-14.880376,0.005713308
sp|Q06538|CSC1_YEAST,0,Hidden_1,-2.6250958,-9.374285,0.008433082
sp|Q5FKD1|FLUC2_LACAC,0,Hidden_1,-10.739721,-26.819977,0.0052523846
sp|Q8VZL4|MSL1_ARATH,0,Hidden_1,3.800493,-11.07183,0.0045997547
sp|Q9JLF1|GBRT_MOUSE,0,Hidden_1,-25.176422,-5.545159,0.010464167
sp|Q9Y0A1|ITPR_CAEEL,0,Hidden_1,2.6976337,9.877983,0.0002312847
sp|Q7RTS5|OTOP3_HUMAN,0,Hidden_1,-2.532398,-1.9776645,0.010791361
sp|Q94A87|CSCL9_ARATH,0,Hidden_1,-0.5393667,-7.9122167,0.0019316698
sp|Q86LG1|PPK28_DROME,0,Hidden_1,-10.179413,-7.0561824,0.00442456
sp|P24585|DEG1_CAEEL,0,Hidden_1,-11.768735,-6.5430064,0.004064073
sp|Q9SFB0|DTX43_ARATH,0,Hidden_1,3.5149007,-16.517632,0.00320229
sp|P23849|TRKG_ECOLI,0,Hidden_1,-7.9508142,-22.365421,0.0038422155
sp|Q8GXJ4|GLR34_ARATH,0,Hidden_1,5.661666,-14.668944,0.01459253
sp|P26362|CFTR_SQUAC,0,Hidden_1,-8.550628,-12.749621,0.0005276786
sp|P9WJN5|MSCL_MYCTU,0,Hidden_1,-12.915231,-20.54335,0.0067826225
sp|O61788|INX17_CAEEL,0,Hidden_1,-18.88681,-13.321586,0.007054727
sp|Q8LBL1|KCO1_ARATH,0,Hidden_1,8.833359,-14.811684,0.0069237826
sp|G5ECT0|PBO5_CAEEL,0,Hidden_1,-22.08725,-7.501834,0.0056561204
sp|Q09274|UN105_CAEEL,0,Hidden_1,-12.002562,-7.186763,0.0027389522
sp|Q24352|GBRAL_DROME,0,Hidden_1,-25.539179,-3.5123007,0.0026176
sp|E2JF22|PIEZ1_MOUSE,0,Hidden_1,-2.5206857,3.0360653,0.008431579
sp|P25396|TEHA_ECOLI,0,Hidden_1,-3.923904,-21.91329,0.011498823
sp|Q9NA73|T38B2_CAEEL,0,Hidden_1,-1.3911802,-17.169275,0.010151463
sp|Q9LD37|CNG20_ARATH,0,Hidden_1,17.096771,-2.278319,0.015431303
sp|E9NA96|IR25A_DROME,0,Hidden_1,-6.972904,-14.157982,0.0045238575
sp|Q9VL84|PPK11_DROME,0,Hidden_1,-9.461074,-8.087516,0.005241991
sp|P22770|ACHA7_CHICK,0,Hidden_1,-21.316166,-1.3746623,0.0011603732
sp|Q84M97|MSL9_ARATH,0,Hidden_1,6.589826,-11.588516,0.0006535589
sp|P25123|GBRB_DROME,0,Hidden_1,-25.04177,-2.2541187,0.012555823
sp|P20237|GBRA4_BOVIN,0,Hidden_1,-23.91729,-2.9568133,0.005542217
sp|P04758|ACHB_BOVIN,0,Hidden_1,-21.14284,-0.34477457,0.0058910633
sp|Q76LB1|ALMT1_WHEAT,0,Hidden_1,4.4208927,-15.704515,0.013563603
sp|Q61180|SCNNA_MOUSE,0,Hidden_1,-10.550889,-3.4151354,0.0018700387
sp|P34271|CUP4_CAEEL,0,Hidden_1,-20.879505,-7.861374,0.005502721
sp|Q9ULK0|GRID1_HUMAN,0,Hidden_1,-13.1623125,5.7516847,0.010395768
sp|Q03445|GLR1_DROME,0,Hidden_1,-7.227567,-15.57899,0.00925515
sp|Q0V9Z3|PACC1_XENTR,0,Hidden_1,-11.639017,-8.668799,0.0023002964
sp|Q96S66|CLCC1_HUMAN,0,Hidden_1,0.51794,-11.23637,0.004061437
sp|Q12252|PHM7_YEAST,0,Hidden_2,-18.494888,2.2493546,0.0061979224
sp|P51172|SCNND_HUMAN,0,Hidden_2,-8.0044,-12.99256,0.017027335
sp|P0AEB5|YNAI_ECOLI,0,Hidden_2,-16.309677,12.324935,0.002978769
sp|P37020|GEF1_YEAST,1,Hidden_2,42.965256,-7.68786,0.9986046
sp|O49696|ALMTC_ARATH,0,Hidden_2,-21.887732,7.272439,0.005705231
sp|Q96KK3|KCNS1_HUMAN,1,Hidden_2,36.87533,-6.7987137,0.9940454
sp|Q12791|KCMA1_HUMAN,1,Hidden_2,43.14778,1.8967909,0.9973003
sp|A0A061ACU2|PIEZ1_CAEEL,0,Hidden_2,-10.839848,1.6199656,0.0040229596
sp|P39285|MSCM_ECOLI,0,Hidden_2,-18.27823,-7.8146286,0.0018720547
sp|Q9HCF6|TRPM3_HUMAN,0,Hidden_2,-15.273779,-12.027962,0.0021173693
sp|Q9JK45|KCNQ5_MOUSE,1,Hidden_2,38.11166,-5.428381,0.9969791
sp|Q8TDN1|KCNG4_HUMAN,1,Hidden_2,37.129574,-6.456127,0.9951369
sp|Q9VR82|INX6_DROME,0,Hidden_2,0.05239654,7.6427855,0.0013842388
sp|P58735|S26A1_MOUSE,0,Hidden_2,-6.108315,-9.559813,0.0031706446
sp|P45963|ACR7_CAEEL,0,Hidden_2,-0.97837955,13.822736,0.010683724
sp|Q7RTM1|OTOP1_HUMAN,0,Hidden_2,-14.34596,-6.638852,0.004651616
sp|D3KZG3|TMC1_CAEEL,0,Hidden_2,-12.523657,2.5748477,0.0034280138
sp|Q00975|CAC1B_HUMAN,1,Hidden_2,41.511234,0.8106056,0.9974023
sp|T0DVE4|MSCS_HELPX,0,Hidden_2,-15.9133415,12.200763,0.0035382642
sp|Q99572|P2RX7_HUMAN,0,Hidden_2,-10.606807,-10.734456,0.007972057
sp|Q4ZHA6|KCNB2_BOVIN,1,Hidden_2,34.93229,-8.011805,0.9922162
sp|A4FV75|TM38A_BOVIN,0,Hidden_2,-16.006826,3.5940282,0.0014207778
sp|P24612|MEC4_CAEEL,0,Hidden_2,-5.191235,2.7123349,0.004063791
sp|P09483|ACHA4_RAT,0,Hidden_2,3.1517613,15.474029,0.0026672208
sp|G5EFC3|KCNAG_CAEEL,1,Hidden_2,38.908337,-4.2383604,0.99687696
sp|Q9VDH6|IR93A_DROME,0,Hidden_2,-10.183281,8.5272665,0.0011685515
sp|Q9GZU1|MCLN1_HUMAN,0,Hidden_2,-10.03888,-8.51784,0.012405808
sp|O43526|KCNQ2_HUMAN,1,Hidden_2,36.044983,-7.5168457,0.99439263
sp|P56475|GBRR1_MOUSE,0,Hidden_2,2.2800384,15.561267,0.0066253934
sp|P44741|TEHA_HAEIN,0,Hidden_2,-15.368844,13.715147,0.005937961
sp|Q5YCC7|TMC3_CHICK,0,Hidden_2,-12.970131,-4.0684276,0.022459174
sp|Q94526|ORK1_DROME,0,Hidden_2,-12.542204,5.068744,0.0041326648
sp|O81776|GLR24_ARATH,0,Hidden_2,-23.374441,8.417583,0.0049735643
sp|Q7NDN8|GLIC_GLOVI,0,Hidden_2,-3.3082376,13.373545,0.011952806
sp|Q91ZF1|KCJ15_RAT,1,Hidden_2,43.853012,-5.2057037,0.9989784
sp|O65718|CNGC2_ARATH,1,Hidden_2,33.330105,-11.737061,0.97584164
sp|Q7RTX7|CTSR4_HUMAN,1,Hidden_2,38.460037,-2.2735598,0.9987017
sp|Q9PT84|KCNH6_CHICK,1,Hidden_2,35.21389,-8.791901,0.9903045
sp|P0C7B7|ELIC_DICCH,0,Hidden_2,-3.2302954,13.436532,0.0073608523
sp|Q9Z258|KCNT1_RAT,1,Hidden_2,34.39932,-7.1134524,0.9940958
sp|C9D7C2|CAC1A_APIME,1,Hidden_2,42.295013,-0.6338729,0.9989165
sp|Q9U1S7|PKD2_CAEEL,0,Hidden_2,-10.498061,3.8964264,0.0033168113
sp|Q9C8G5|CSCLD_ARATH,0,Hidden_2,-19.988905,1.8265316,0.001921002
sp|Q8BLA8|TRPA1_MOUSE,1,Hidden_2,31.551306,-11.007198,0.9500614
sp|Q8VHK5|MLC1_MOUSE,0,Hidden_2,-13.212662,-8.736447,0.0048281816
sp|Q02280|KCNAE_DROME,1,Hidden_2,35.318928,-7.1902723,0.99457353
sp|Q8RXR2|CLCF_ARATH,1,Hidden_2,41.999092,-10.340707,0.99648285
sp|D0E0C2|SCNA1_PERAM,1,Hidden_2,38.009293,0.52265126,0.9952519
sp|Q9U3N4|INX6_CAEEL,0,Hidden_2,-1.0315397,9.0432415,0.006429574
sp|Q05037|KCNA4_BOVIN,1,Hidden_2,41.083664,-3.848832,0.99863595
sp|Q87WD2|ERIC_PSESM,1,Hidden_2,40.92533,-10.392162,0.9955519
sp|Q9U6L4|TTY1_DROME,0,Hidden_2,-14.570445,6.3628554,0.004139649
sp|Q21974|UNC8_CAEEL,0,Hidden_2,-4.68481,1.9608759,0.006074516
sp|Q58543|MSMJL_METJA,0,Hidden_2,-16.114664,11.607566,0.00465709
sp|Q9VAJ3|PPK19_DROME,0,Hidden_2,-3.2165196,2.218062,0.008375644
sp|Q5N941|POLLU_ORYSJ,0,Hidden_2,-24.143063,7.1126456,0.0032507947
sp|Q21123|INX7_CAEEL,0,Hidden_2,-0.9609467,6.937699,0.0010655823
sp|Q21973|BST15_CAEEL,0,Hidden_2,-9.803025,5.438752,0.004797249
sp|Q5R3K3|CAHM6_HUMAN,0,Hidden_2,-12.280895,-10.0597725,0.013178906
sp|S5VBU1|TM175_STRC3,0,Hidden_2,-13.293982,14.691765,0.004511617
sp|Q8BGR2|LRC8D_MOUSE,0,Hidden_2,-15.195333,-9.212643,0.0023523576
sp|Q9R244|TRPC2_MOUSE,0,Hidden_2,-15.477852,-13.5274,0.00060457655
sp|P48182|ACR2_CAEEL,0,Hidden_2,-0.33084863,14.670409,0.0145266
sp|Q57CD7|FLUC1_BRUAB,0,Hidden_2,-15.972476,14.123295,0.006661074
sp|Q9W0T5|PYX_DROME,0,Hidden_2,-10.684349,5.142992,0.010250391
sp|Q21415|GLR3_CAEEL,0,Hidden_2,-11.446341,9.549094,0.00157141
sp|Q7ZWK8|OTOP1_DANRE,0,Hidden_2,-15.029705,-6.800677,0.0011944706
sp|A8DYE2|TRPCG_DROME,0,Hidden_2,-11.77404,-0.13243435,0.004896629
sp|Q03412|UNC7_CAEEL,0,Hidden_2,-2.0894816,7.4419675,0.004060207
sp|G5EBR3|GLUCL_CAEEL,0,Hidden_2,-0.30520257,15.686102,0.004357015
sp|P0A333|KCSA_STRCO,0,Hidden_2,-17.758457,14.7884865,0.011752794
sp|P70227|ITPR3_MOUSE,0,Hidden_2,-10.154633,-2.2964125,0.009706427
sp|Q8TD43|TRPM4_HUMAN,0,Hidden_2,-14.084868,-14.118691,0.00041148879
sp|Q8JFN7|ACH91_ONCMY,0,Hidden_2,0.62268096,14.70017,0.007758179
sp|Q9JIS7|CAC1F_MOUSE,1,Hidden_2,40.953968,0.7938585,0.9974718
sp|P24045|GBRB4_CHICK,0,Hidden_2,2.2463322,14.737679,0.006320525
sp|Q9GQ00|MOD1_CAEEL,0,Hidden_2,0.5119821,15.594762,0.0033323271
sp|A5X5Y0|5HT3E_HUMAN,0,Hidden_2,4.8498683,14.604791,0.0022036235
sp|Q95T12|FLOWR_DROME,0,Hidden_2,-17.636597,7.8671813,0.008063555
sp|Q6Q1P3|KCNKI_RAT,1,Hidden_2,37.512287,-7.5452867,0.99458176
sp|Q80SX5|OTOP2_MOUSE,0,Hidden_2,-14.676289,-6.9345307,0.0020765262
sp|Q6UXY8|TMC5_HUMAN,0,Hidden_2,-14.872032,-3.0393732,0.010308704
sp|Q96NY7|CLIC6_HUMAN,1,Hidden_2,40.14688,2.5798051,0.9979609
sp|Q9V9N1|IR40A_DROME,0,Hidden_2,-10.094018,8.418605,0.0018995191
sp|P51800|CLCKA_HUMAN,1,Hidden_2,41.478584,-9.074689,0.9967224
sp|P17970|KCNAB_DROME,1,Hidden_2,35.251144,-6.189025,0.9946747
sp|A2ARP9|CTSR2_MOUSE,1,Hidden_2,35.747597,-3.2031615,0.9947284
sp|F4I248|CSCLB_ARATH,0,Hidden_2,-21.23173,1.5221945,0.0034962725
sp|A6H7B0|PLLP_BOVIN,0,Hidden_2,-19.189846,-4.2157135,0.004323559
sp|P35500|SCNA_DROME,1,Hidden_2,43.16078,-0.63214976,0.999257
sp|P23645|BIB_DROME,0,Hidden_2,-14.166016,6.188252,0.006138313
sp|Q7KVW5|KCNN_DROME,0,Hidden_2,-15.152173,8.001408,0.0050419276
sp|Q8K424|TRPV3_MOUSE,0,Hidden_2,-16.381361,-13.901368,0.0001496702
sp|A2AIR5|NMD3A_MOUSE,0,Hidden_2,-8.064022,-8.28889,0.014379261
sp|Q653P0|KOR1_ORYSJ,1,Hidden_2,34.631683,-9.925023,0.9909087
sp|Q91WD2|TRPV6_MOUSE,0,Hidden_2,-16.310797,-12.5171995,0.005825969
sp|F4IME2|MSL8_ARATH,0,Hidden_2,-25.415369,6.1692576,0.00020474904
sp|Q9U298|ACH8_CAEEL,0,Hidden_2,-1.7805398,13.886365,0.0031387485
sp|Q16478|GRIK5_HUMAN,0,Hidden_2,-7.410602,-7.5642424,0.0082837045
sp|M9MSG8|PIEZO_DROME,0,Hidden_2,-10.890806,1.5875534,0.0044257864
sp|P31069|KCH_ECOLI,0,Hidden_2,-18.30239,12.191973,0.001973699
sp|P34299|GLR1_CAEEL,0,Hidden_2,-12.038699,9.001355,0.0056772865
sp|Q9Y2U2|KCNK7_HUMAN,1,Hidden_2,38.111652,-8.259346,0.9916522
sp|G5ECJ0|GBR1_CAEEL,0,Hidden_2,-1.987941,16.295237,0.0014157534
sp|O13263|SCNNH_XENLA,0,Hidden_2,-4.138932,1.1629558,0.005270178
sp|D9N164|IRK10_PARME,1,Hidden_2,35.769623,-11.006986,0.99002516
sp|H1AFJ6|SCNNB_NEOFS,0,Hidden_2,-4.491765,1.1289991,0.011872835
sp|A0A0U1QT59|TMC_DROME,0,Hidden_2,-12.713885,3.0217705,0.0015128044
sp|Q8GX93|CLCE_ARATH,1,Hidden_2,42.343113,-10.357758,0.99699485
sp|G5EDN0|ACC3_CAEEL,0,Hidden_2,1.0592175,15.781948,0.0039694277
sp|Q9EQJ0|TPC1_MOUSE,1,Hidden_2,37.020016,-3.6954079,0.9963257
sp|O14764|GBRD_HUMAN,0,Hidden_2,1.9812245,15.300159,0.0076377564
sp|O15547|P2RX6_HUMAN,0,Hidden_2,-9.760336,-11.880272,0.007821459
sp|Q9HB15|KCNKC_HUMAN,1,Hidden_2,40.68925,-6.1941166,0.99820256
sp|Q9BVC6|TM109_HUMAN,1,Hidden_2,34.105824,-3.111643,0.99482995
sp|Q96ER9|MITOK_HUMAN,0,Hidden_2,-8.61452,-5.518691,0.011437197
sp|O95279|KCNK5_HUMAN,1,Hidden_2,39.344696,-5.9114366,0.9975134
sp|Q5A2J7|YVC1_CANAL,1,Hidden_2,33.30301,-8.620917,0.9915548
sp|Q24418|NMDA1_DROME,1,Hidden_2,31.729664,-11.737594,0.95972186
sp|Q8IU68|TMC8_HUMAN,0,Hidden_2,-11.354002,-13.415719,0.0018001375
sp|A0A0R4IMY7|TRPM2_DANRE,0,Hidden_2,-14.1104145,-12.743561,0.0017618318
sp|P08104|SCN3A_RAT,1,Hidden_2,42.86451,-0.059541594,0.9988938
sp|Q9U6B8|ORAI1_DROME,0,Hidden_2,-15.114847,7.9620757,0.0146187525
sp|Q90218|GLRK_ANAPL,0,Hidden_2,-12.09288,10.584416,0.003472464
sp|Q9FL25|KCO2_ARATH,0,Hidden_2,-25.097448,9.670762,0.00080971926
sp|Q401N2|ZACN_HUMAN,0,Hidden_2,4.89877,14.094043,0.009062216
sp|P57789|KCNKA_HUMAN,1,Hidden_2,38.952576,-6.0637064,0.996997
sp|Q10025|DEL10_CAEEL,0,Hidden_2,-5.9373593,3.9517887,0.0019832011
sp|Q6I7B9|MAT_INCAA,0,Hidden_2,-12.554034,6.7758303,0.008687871
sp|Q54AX6|CLCA_DICDI,1,Hidden_2,40.414425,-10.710166,0.99443877
sp|O27564|MTHK_METTH,0,Hidden_2,-17.93528,11.296141,0.0024591251
sp|P78334|GBRE_HUMAN,0,Hidden_2,3.4264116,16.335743,0.0015315266
sp|P92943|CLCD_ARATH,1,Hidden_2,43.63573,-7.921621,0.99933964
sp|O00555|CAC1A_HUMAN,1,Hidden_2,42.065414,0.7760485,0.9979488
sp|Q90805|CNG1_CHICK,0,Hidden_2,-13.767536,-0.4423445,0.014278417
sp|P17644|ACH2_DROME,0,Hidden_2,1.6403013,14.533807,0.0059980555
sp|Q9P0X4|CAC1I_HUMAN,1,Hidden_2,43.265427,-1.2789159,0.99935156
sp|Q25011|FANA_CORAP,0,Hidden_2,-3.7437942,3.4583395,0.0028185986
sp|P10861|UCP1_BOVIN,0,Hidden_2,-9.492323,15.375953,0.0031568005
sp|Q979Z2|TVOK_THEVO,0,Hidden_2,-17.951408,11.433457,0.0043484927
sp|Q19907|TWK12_CAEEL,0,Hidden_2,-12.857076,4.7112827,0.015303428
sp|Q32LT7|TTYH3_DANRE,0,Hidden_2,-14.061277,-8.979209,0.002374486
sp|O18276|GBRB_CAEEL,0,Hidden_2,0.35859615,16.323704,0.0058739134
sp|Q9NY37|ASIC5_HUMAN,0,Hidden_2,-8.405202,-11.384162,0.0031646278
sp|F4IN58|PIEZO_ARATH,0,Hidden_2,-15.18902,-5.498539,0.00338887
sp|P56699|CAC1E_DIPOM,1,Hidden_2,41.148537,-0.24090756,0.997969
sp|Q9UK17|KCND3_HUMAN,1,Hidden_2,41.706142,-2.8817873,0.9989813
sp|Q24270|CAC1D_DROME,1,Hidden_2,35.322353,-4.867056,0.9955848
sp|Q9U3K5|INX2_CAEEL,0,Hidden_2,-0.6955341,8.347309,0.0029097341
sp|Q7Z020|TRPA1_DROME,0,Hidden_2,-10.980096,5.078496,0.010172826
sp|Q9NQ90|ANO2_HUMAN,0,Hidden_2,-10.733725,-7.1833587,0.05211231
sp|Q9YDF8|KVAP_AERPE,1,Hidden_2,35.42484,-1.2996962,0.9965771
sp|P79100|TRPC4_BOVIN,0,Hidden_2,-16.317287,-11.622726,0.008664232
sp|Q5R1P3|NMDE2_CANLF,1,Hidden_2,33.64825,-6.475769,0.99376076
sp|F1QFU0|TMC1_DANRE,0,Hidden_2,-13.71149,-4.8519454,0.003965173
sp|Q03516|RSN1_YEAST,0,Hidden_2,-18.502365,2.1957965,0.013916827
sp|Q05973|SCN1_HETBL,1,Hidden_2,38.329857,-0.34120524,0.99678934
sp|G5EG88|ACH23_CAEEL,0,Hidden_2,-1.3275956,14.8061495,0.010312071
sp|Q8L7W1|MSL3_ARATH,0,Hidden_2,-21.642218,4.9747205,0.0068416484
sp|Q9LS46|ALMT9_ARATH,0,Hidden_2,-21.660013,7.178382,0.0067945383
sp|P97794|KCNJ8_MOUSE,1,Hidden_2,43.518414,-5.5507846,0.99827933
sp|O76554|ACH4_CAEEL,0,Hidden_2,-1.4493958,15.848437,0.002815313
sp|Q9FWX6|KCO4_ARATH,0,Hidden_2,-24.556656,9.976264,0.004930821
sp|P29993|ITPR_DROME,0,Hidden_2,-9.761703,-0.9525739,0.0012886279
sp|Q6P9J9|ANO6_MOUSE,1,Hidden_2,31.194881,-11.694967,0.9547627
sp|Q96RD6|PANX2_HUMAN,0,Hidden_2,-12.405393,-4.4652705,0.01708752
sp|Q8CIR4|TRPM6_MOUSE,0,Hidden_2,-14.04549,-13.007239,0.0017753536
sp|O74839|MSY1_SCHPO,0,Hidden_2,-15.008524,0.9762207,0.0035456086
sp|A8MYU2|KCNU1_HUMAN,1,Hidden_2,32.059772,-7.9720325,0.9912985
sp|Q9VGH7|CLCN2_DROME,1,Hidden_2,42.55863,-8.178251,0.9983323
sp|Q64347|CLCN1_MOUSE,1,Hidden_2,41.51856,-8.52053,0.99724305
sp|P0C0S1|MSCS_ECOLI,0,Hidden_2,-15.618435,11.992291,0.0087650865
sp|Q7Z404|TMC4_HUMAN,0,Hidden_2,-11.843059,-13.606852,0.00090286456
sp|O61365|NACH_DROME,0,Hidden_2,-3.294183,2.2196586,0.0055721523
sp|Q9FVQ5|CSCL1_ARATH,0,Hidden_2,-20.753119,1.105391,0.0043792333
sp|E4TN31|TM175_MARTH,0,Hidden_2,-14.095789,14.281026,0.0066972137
sp|Q5FKD2|FLUC1_LACAC,0,Hidden_2,-16.319683,17.478054,0.005294004
sp|Q96L42|KCNH8_HUMAN,1,Hidden_2,39.60658,-5.3880844,0.99782073
sp|Q05B45|TACAN_BOVIN,0,Hidden_2,-10.186414,-6.1171937,0.003478115
sp|Q98GN8|CNGK1_RHILO,0,Hidden_2,-17.64012,13.435688,0.003414792
sp|Q8CD54|PIEZ2_MOUSE,0,Hidden_2,-12.886616,-6.0446873,0.015932493
sp|Q09917|PKD2_SCHPO,0,Hidden_2,-17.961683,1.6078717,0.006769773
sp|Q9JJV9|SCN5A_MOUSE,1,Hidden_2,40.72588,0.19971621,0.9976827
sp|Q57603|MVP_METJA,1,Hidden_2,34.927135,-1.3710364,0.9932208
sp|Q9LV72|GLR12_ARATH,0,Hidden_2,-23.903229,8.763165,0.001356573
sp|Q2HJ63|CAHM2_BOVIN,0,Hidden_2,-11.908802,-9.720248,0.050846603
sp|Q9BSA9|TM175_HUMAN,0,Hidden_2,-5.831953,-10.346056,0.0044862265
sp|Q27295|EAT5_CAEEL,0,Hidden_2,-1.2622149,8.05436,0.004530115
sp|Q08BI9|MCU_DANRE,0,Hidden_2,-8.593471,-5.414663,0.009284692
sp|Q60934|GRIK1_MOUSE,0,Hidden_2,-7.241048,-7.361233,0.0097226845
sp|E9PTA2|TRPM2_RAT,0,Hidden_2,-14.1023855,-12.664567,0.002010873
sp|Q18297|TRPA1_CAEEL,0,Hidden_2,-10.8803625,4.767822,0.006602733
sp|Q9W0Y8|SCN60_DROME,1,Hidden_2,35.30923,-5.1956544,0.99450773
sp|Q9SZT4|CSCLE_ARATH,0,Hidden_2,-21.736702,1.7807467,0.0017073714
sp|Q9NA13|IPLA_DICDI,0,Hidden_2,-9.211388,3.1508746,0.0009668574
sp|Q9Z307|KCJ16_MOUSE,1,Hidden_2,44.245174,-5.296386,0.99921846
sp|Q8BFU8|VGLU3_MOUSE,0,Hidden_2,-10.1175375,15.310277,0.00592698
sp|Q9V9Y4|PHCL2_DROME,0,Hidden_2,-1.8439405,15.430902,0.004410367
sp|P37002|FLUC_ECOLI,0,Hidden_2,-15.721697,16.974741,0.0042228764
sp|Q7VYU0|FLUC_BORPE,0,Hidden_2,-15.726336,16.989597,0.006000412
sp|A0MFS9|CACLC_ARATH,0,Hidden_2,-18.841373,0.49501008,0.011910908
sp|A0A1S4GYH6|IR21A_ANOGA,0,Hidden_2,-11.04831,7.3486404,0.006563972
sp|Q91892|CLCC1_XENLA,0,Hidden_2,-16.490412,-0.97291017,0.005733187
sp|Q19038|DEL1_CAEEL,0,Hidden_2,-4.239841,2.076272,0.0072836108
sp|Q9NTG1|PKDRE_HUMAN,0,Hidden_2,-9.452926,-13.600656,0.0056171594
sp|Q6H1V1|BEST3_MOUSE,0,Hidden_2,-9.724028,-5.45527,0.009130484
sp|Q9XXD1|KVS4_CAEEL,1,Hidden_2,40.253384,-3.1188354,0.99880826
sp|Q9BXS9|S26A6_HUMAN,0,Hidden_2,-6.18096,-9.446465,0.0049096043
sp|Q4GZT3|PKD2_BOVIN,1,Hidden_2,34.003586,-9.3126135,0.9861259
sp|P76175|CLCB_ECOLI,1,Hidden_2,41.364635,-10.169674,0.9964934
sp|Q22271|UNC58_CAEEL,1,Hidden_2,33.110085,-10.01633,0.9835585
sp|Q9GJS9|GLRB_BOVIN,0,Hidden_2,2.1271608,16.37124,0.002457114
sp|Q01118|SCN7A_HUMAN,1,Hidden_2,37.929787,0.78864986,0.9941288
sp|A7T1N0|TMP2L_NEMVE,0,Hidden_2,-11.8163185,-1.7110809,0.011784393
sp|Q8VYR0|MCU2_ARATH,0,Hidden_2,-22.61162,6.251376,0.013000505
sp|D3Z291|CAHM1_MOUSE,1,Hidden_2,30.46582,-10.895274,0.9556125
sp|Q9SJE8|ALMT2_ARATH,0,Hidden_2,-22.411934,7.402003,0.008408702
sp|O82226|CNGC6_ARATH,1,Hidden_2,33.29247,-11.781387,0.978626
sp|P34586|TRPL_CAEEL,0,Hidden_2,-11.685446,-0.5495225,0.0025484278
sp|Q7TN60|TMC6_MOUSE,0,Hidden_2,-11.923547,-13.667174,0.00074669864
sp|Q9VAS7|INX3_DROME,0,Hidden_2,-0.65760136,9.562801,0.008252714
sp|Q8K3P1|P2RX2_MOUSE,0,Hidden_2,-9.744331,-11.830532,0.00405072
sp|Q9W5A5|TTY2_DROME,0,Hidden_2,-15.078683,6.4277277,0.0065976866
sp|Q93971|TRPG_CAEEL,0,Hidden_2,-11.701567,0.20356184,0.0021237007
sp|Q20332|TTYH1_CAEEL,0,Hidden_2,-15.788342,6.351101,0.015633343
sp|Q9Y3Q4|HCN4_HUMAN,1,Hidden_2,39.88205,-6.561526,0.9979894
sp|Q708S3|ASI4B_DANRE,0,Hidden_2,-8.331529,-11.199944,0.0015379325
sp|Q96RD7|PANX1_HUMAN,0,Hidden_2,-15.276555,-9.380089,0.0009400702
sp|Q8N5C1|CAHM5_HUMAN,0,Hidden_2,-12.3452015,-10.106503,0.0112823015
sp|Q9MYW0|TRPC6_BOVIN,0,Hidden_2,-16.418684,-12.1026,0.0031726162
sp|Q24498|RYR_DROME,0,Hidden_2,-14.524232,2.5025194,0.02559239
sp|Q8CE93|CAHM4_MOUSE,0,Hidden_2,-12.372444,-10.0779705,0.012393247
sp|Q2EG98|PK1L3_MOUSE,0,Hidden_2,-7.880336,-14.103636,0.008022566
sp|Q96PH1|NOX5_HUMAN,0,Hidden_2,-9.449428,-7.604277,0.022395212
sp|Q23435|TWK9_CAEEL,0,Hidden_2,-13.2742195,4.5186253,0.021720579
sp|Q96T54|KCNKH_HUMAN,1,Hidden_2,38.47541,-7.462478,0.99648416
sp|O70212|5HT3A_CAVPO,0,Hidden_2,4.606997,14.824505,0.0024972456
sp|Q14643|ITPR1_HUMAN,0,Hidden_2,-10.14528,-2.335285,0.010391326
sp|Q18120|TWK18_CAEEL,1,Hidden_2,32.98581,-9.609154,0.98637956
sp|Q9HBA0|TRPV4_HUMAN,0,Hidden_2,-16.274145,-13.231026,0.0009999354
sp|P0DTC3|AP3A_SARS2,0,Hidden_2,-13.114063,7.2821383,0.0064342427
sp|Q10914|GLR2_CAEEL,0,Hidden_2,-11.263846,9.059915,0.0011897242
sp|P50077|CCH1_YEAST,1,Hidden_2,39.70173,-1.8868732,0.99819785
sp|P0C550|AKT1_ORYSI,1,Hidden_2,34.804527,-9.757715,0.99280375
sp|Q1PE15|MCU4_ARATH,0,Hidden_2,-23.001633,6.3776035,0.0036471928
sp|P54244|ACH3_CAEEL,0,Hidden_2,-1.0444762,15.273888,0.00964572
sp|P75783|YBIO_ECOLI,0,Hidden_2,-18.292173,-7.617064,0.005277883
sp|P0AAT4|YBDG_ECOLI,0,Hidden_2,-18.396261,-7.1166677,0.010303452
sp|Q6GM04|TTY1B_XENLA,0,Hidden_2,-14.065997,-9.05235,0.0018643794
sp|Q54LT0|MCU_DICDI,0,Hidden_2,-17.391733,4.6461434,0.0060661184
sp|C3VMW3|CLD17_PIG,0,Hidden_2,-19.152628,-4.3021107,0.0062198336
sp|P9WP63|FLUC1_MYCTU,0,Hidden_2,-15.169051,17.237797,0.0033484786
sp|Q9UM00|TMCO1_HUMAN,0,Hidden_2,-7.4528656,-4.965314,0.004188299
sp|P26591|GLRK_LYMST,0,Hidden_2,-12.267647,9.414765,0.0075587863
sp|Q18593|CLHM1_CAEEL,1,Hidden_2,30.26502,-10.786047,0.97147906
sp|Q13936|CAC1C_HUMAN,1,Hidden_2,41.34733,1.1931763,0.99705076
sp|P0A742|MSCL_ECOLI,0,Hidden_2,-12.190322,15.317747,0.008644922
sp|Q9V3W6|INX7_DROME,0,Hidden_2,-0.0007607235,8.299471,0.0013212708
sp|Q19746|INX3_CAEEL,0,Hidden_2,-1.4677223,8.535587,0.006421105
sp|Q8R6L9|MSCS_CALS4,0,Hidden_2,-15.58389,11.752873,0.011469585
sp|P19334|TRP_DROME,0,Hidden_2,-12.932063,0.20713964,0.0006732617
sp|A0A2R8Q3S9|CLCC1_DANRE,0,Hidden_2,-16.521965,-1.0715039,0.007414993
sp|Q9WVJ0|KCNH3_MOUSE,1,Hidden_2,38.180332,-6.750177,0.9962268
sp|O54912|KCNK3_RAT,1,Hidden_2,43.995922,-2.810486,0.9998092
sp|Q5YCC5|TMC7_CHICK,0,Hidden_2,-11.9623785,-8.365817,0.01380201
sp|Q96D96|HVCN1_HUMAN,1,Hidden_2,36.18439,-3.3637288,0.9956813
sp|A0A086F3E3|TM175_CHRP1,0,Hidden_2,-13.203659,14.604408,0.0074022394
sp|Q7Z2W7|TRPM8_HUMAN,0,Hidden_2,-14.196516,-11.868936,0.007889484
sp|Q86JM7|P2XA_DICDI,0,Hidden_2,-3.069906,0.55715257,0.007142302
sp|P33085|SHAKB_DROME,0,Hidden_2,1.8104165,12.855305,0.013462017
sp|Q9M2D2|VCCN1_ARATH,1,Hidden_2,34.91531,-11.507533,0.98380196
sp|E7FKV8|PK1L1_ORYLA,0,Hidden_2,-9.060102,-14.277138,0.0026137475
sp|Q9H3M0|KCNF1_HUMAN,1,Hidden_2,39.7406,-3.585632,0.99818736
sp|P52192|IRK1_CAEEL,1,Hidden_2,36.81008,-10.426272,0.9949092
sp|O61715|INX19_CAEEL,0,Hidden_2,-1.7422142,8.05306,0.005089336
sp|Q01956|KCNC3_RAT,1,Hidden_2,42.132614,-3.8422425,0.9991456
sp|P40310|TOK1_YEAST,1,Hidden_2,40.3883,-1.9756591,0.9989335
sp|O43497|CAC1G_HUMAN,1,Hidden_2,41.53345,-0.03594924,0.9982242
sp|Q03720|SLO_DROME,1,Hidden_2,43.247066,1.7949289,0.99820924
sp|Q95L74|CY24B_BISBI,1,Hidden_2,33.34348,-7.581158,0.9930448
sp|Q9UI33|SCNBA_HUMAN,1,Hidden_2,39.081295,0.2281762,0.99735355
sp|E1BNE9|KCNJ3_BOVIN,1,Hidden_2,36.034912,-9.124962,0.9930362
sp|Q0P5A0|KCNK1_BOVIN,1,Hidden_2,40.556297,-5.439262,0.99830365
sp|Q8CFS6|KCNV2_MOUSE,1,Hidden_2,40.21184,-3.7758665,0.9985453
sp|Q86XQ3|CTSR3_HUMAN,1,Hidden_2,37.77554,-1.9366494,0.9978219
sp|Q9QZ65|KCJ13_CAVPO,1,Hidden_2,43.566032,-5.7217646,0.99807173
sp|B5X1G3|GPHR_SALSA,1,Hidden_2,32.81394,-4.5567927,0.9939995
sp|Q5QM84|TPC1_ORYSJ,1,Hidden_2,37.226498,-3.7609959,0.99671495
sp|P51787|KCNQ1_HUMAN,1,Hidden_2,38.223576,-5.325792,0.99727935
sp|Q8IZF0|NALCN_HUMAN,1,Hidden_2,42.06961,-1.340293,0.9988751
sp|P21817|RYR1_HUMAN,1,Hidden_2,32.325478,-6.2253947,0.9923987
sp|Q1JV40|HVCN1_CIOIN,1,Hidden_2,36.397804,-2.381023,0.99656785
sp|A0JMD4|TPC2_DANRE,1,Hidden_2,37.545338,-3.1742864,0.9976029
sp|Q8I4B0|KCNSK_CAEEL,1,Hidden_2,32.560005,-9.325355,0.9869053
sp|Q8NEC5|CTSR1_HUMAN,1,Hidden_2,38.305428,-9.858545,0.9924231
sp|O01634|INX12_CAEEL,0,Hidden_2,-1.860621,8.849485,0.007999266
sp|Q28181|CNGB1_BOVIN,0,Hidden_2,-14.479911,-0.6572065,0.008953893
sp|Q8TDX9|PK1L1_HUMAN,0,Hidden_2,-8.905829,-13.764455,0.009361646
sp|Q7Z442|PK1L2_HUMAN,0,Hidden_2,-10.284167,-13.069725,0.0035540438
sp|Q9LFN8|GLR26_ARATH,0,Hidden_2,-23.389423,8.201514,0.006668129
sp|P02718|ACHD_TETCF,0,Hidden_2,-1.071571,14.34702,0.008940489
sp|Q5T3F8|CSCL2_HUMAN,0,Hidden_2,-11.985933,-7.0679235,0.011691025
sp|Q9W0Y6|PAIN_DROME,0,Hidden_2,-10.257228,4.525893,0.001369876
sp|Q11069|TMC2_CAEEL,0,Hidden_2,-12.513246,2.3978653,0.0022926528
sp|Q07798|SPO75_YEAST,0,Hidden_2,-19.450499,2.5427876,0.005910996
sp|Q21121|MCU_CAEEL,0,Hidden_2,-17.076,4.411656,0.005713308
sp|Q06538|CSC1_YEAST,0,Hidden_2,-19.163002,1.9569913,0.008433082
sp|Q5FKD1|FLUC2_LACAC,0,Hidden_2,-16.317907,17.44426,0.0052523846
sp|Q8VZL4|MSL1_ARATH,0,Hidden_2,-21.739464,5.149414,0.0045997547
sp|Q9JLF1|GBRT_MOUSE,0,Hidden_2,-1.2579579,17.318113,0.010464167
sp|Q9Y0A1|ITPR_CAEEL,0,Hidden_2,-9.587288,-0.36348507,0.0002312847
sp|Q7RTS5|OTOP3_HUMAN,0,Hidden_2,-14.018103,-6.662562,0.010791361
sp|Q94A87|CSCL9_ARATH,0,Hidden_2,-21.464201,1.5437969,0.0019316698
sp|Q86LG1|PPK28_DROME,0,Hidden_2,-3.636464,2.5959673,0.00442456
sp|P24585|DEG1_CAEEL,0,Hidden_2,-5.2233214,2.50544,0.004064073
sp|Q9SFB0|DTX43_ARATH,0,Hidden_2,-21.133673,8.737021,0.00320229
sp|P23849|TRKG_ECOLI,0,Hidden_2,-16.895954,13.980626,0.0038422155
sp|Q8GXJ4|GLR34_ARATH,0,Hidden_2,-22.584084,8.426861,0.01459253
sp|P26362|CFTR_SQUAC,0,Hidden_2,-9.039234,8.11232,0.0005276786
sp|P9WJN5|MSCL_MYCTU,0,Hidden_2,-12.804923,15.413842,0.0067826225
sp|O61788|INX17_CAEEL,0,Hidden_2,-1.4392507,9.202157,0.007054727
sp|Q8LBL1|KCO1_ARATH,0,Hidden_2,-24.450155,9.808494,0.0069237826
sp|G5ECT0|PBO5_CAEEL,0,Hidden_2,-2.1208289,14.894437,0.0056561204
sp|Q09274|UN105_CAEEL,0,Hidden_2,-5.33086,3.256837,0.0027389522
sp|Q24352|GBRAL_DROME,0,Hidden_2,-0.10538591,17.235025,0.0026176
sp|E2JF22|PIEZ1_MOUSE,0,Hidden_2,-12.947816,-6.5199556,0.008431579
sp|P25396|TEHA_ECOLI,0,Hidden_2,-18.383272,-6.276684,0.011498823
sp|Q9NA73|T38B2_CAEEL,0,Hidden_2,-16.01505,3.6429205,0.010151463
sp|Q9LD37|CNG20_ARATH,0,Hidden_2,-24.6489,7.707825,0.015431303
sp|E9NA96|IR25A_DROME,0,Hidden_2,-11.651074,8.262045,0.0045238575
sp|Q9VL84|PPK11_DROME,0,Hidden_2,-3.0451865,2.8098009,0.005241991
sp|P22770|ACHA7_CHICK,0,Hidden_2,3.7754636,15.774917,0.0011603732
sp|Q84M97|MSL9_ARATH,0,Hidden_2,-25.270704,6.273284,0.0006535589
sp|P25123|GBRB_DROME,0,Hidden_2,0.7973278,17.494621,0.012555823
sp|P20237|GBRA4_BOVIN,0,Hidden_2,1.1890035,16.421532,0.005542217
sp|P04758|ACHB_BOVIN,0,Hidden_2,3.3475409,14.670077,0.0058910633
sp|Q76LB1|ALMT1_WHEAT,0,Hidden_2,-22.04162,7.6778564,0.013563603
sp|Q61180|SCNNA_MOUSE,0,Hidden_2,-7.964315,-11.479848,0.0018700387
sp|P34271|CUP4_CAEEL,0,Hidden_2,-2.9939227,14.814787,0.005502721
sp|Q9ULK0|GRID1_HUMAN,0,Hidden_2,-7.7911553,-7.8763413,0.010395768
sp|Q03445|GLR1_DROME,0,Hidden_2,-12.790896,9.33038,0.00925515
sp|Q0V9Z3|PACC1_XENTR,0,Hidden_2,-2.1239228,1.9753172,0.0023002964
sp|Q96S66|CLCC1_HUMAN,0,Hidden_2,-16.580288,-1.2483925,0.004061437
sp|Q12252|PHM7_YEAST,0,Hidden_3,-7.666755,2.9479387,0.0061979224
sp|P51172|SCNND_HUMAN,0,Hidden_3,-4.1762958,-1.7508761,0.017027335
sp|P0AEB5|YNAI_ECOLI,0,Hidden_3,-17.69281,7.407019,0.002978769
sp|P37020|GEF1_YEAST,1,Hidden_3,33.05808,-0.67496634,0.9986046
sp|O49696|ALMTC_ARATH,0,Hidden_3,-13.714748,10.07566,0.005705231
sp|Q96KK3|KCNS1_HUMAN,1,Hidden_3,46.088028,0.3605039,0.9940454
sp|Q12791|KCMA1_HUMAN,1,Hidden_3,37.6413,-2.774974,0.9973003
sp|A0A061ACU2|PIEZ1_CAEEL,0,Hidden_3,-14.885716,2.9076371,0.0040229596
sp|P39285|MSCM_ECOLI,0,Hidden_3,-18.92634,-3.5846803,0.0018720547
sp|Q9HCF6|TRPM3_HUMAN,0,Hidden_3,-17.926363,-3.9385574,0.0021173693
sp|Q9JK45|KCNQ5_MOUSE,1,Hidden_3,39.212326,0.14565146,0.9969791
sp|Q8TDN1|KCNG4_HUMAN,1,Hidden_3,44.622337,0.40758222,0.9951369
sp|Q9VR82|INX6_DROME,0,Hidden_3,-19.955223,-8.249152,0.0013842388
sp|P58735|S26A1_MOUSE,0,Hidden_3,-13.631231,-6.236339,0.0031706446
sp|P45963|ACR7_CAEEL,0,Hidden_3,-5.206052,-7.6105185,0.010683724
sp|Q7RTM1|OTOP1_HUMAN,0,Hidden_3,-14.117088,-1.7670196,0.004651616
sp|D3KZG3|TMC1_CAEEL,0,Hidden_3,-15.205288,3.9495883,0.0034280138
sp|Q00975|CAC1B_HUMAN,1,Hidden_3,37.170036,-2.0815952,0.9974023
sp|T0DVE4|MSCS_HELPX,0,Hidden_3,-17.19256,7.4663787,0.0035382642
sp|Q99572|P2RX7_HUMAN,0,Hidden_3,-6.7116017,-1.6252565,0.007972057
sp|Q4ZHA6|KCNB2_BOVIN,1,Hidden_3,47.664825,0.11357642,0.9922162
sp|A4FV75|TM38A_BOVIN,0,Hidden_3,-21.059023,-1.042404,0.0014207778
sp|P24612|MEC4_CAEEL,0,Hidden_3,-11.464735,0.0602296,0.004063791
sp|P09483|ACHA4_RAT,0,Hidden_3,-13.258751,-9.125348,0.0026672208
sp|G5EFC3|KCNAG_CAEEL,1,Hidden_3,39.47248,-0.31552115,0.99687696
sp|Q9VDH6|IR93A_DROME,0,Hidden_3,-20.773386,1.5132095,0.0011685515
sp|Q9GZU1|MCLN1_HUMAN,0,Hidden_3,-1.2283974,-1.5236299,0.012405808
sp|O43526|KCNQ2_HUMAN,1,Hidden_3,45.774178,0.05554912,0.99439263
sp|P56475|GBRR1_MOUSE,0,Hidden_3,-7.8114557,-8.942747,0.0066253934
sp|P44741|TEHA_HAEIN,0,Hidden_3,-9.571486,7.9592524,0.005937961
sp|Q5YCC7|TMC3_CHICK,0,Hidden_3,-1.0494063,2.9773135,0.022459174
sp|Q94526|ORK1_DROME,0,Hidden_3,-14.71557,5.1922917,0.0041326648
sp|O81776|GLR24_ARATH,0,Hidden_3,-15.240022,10.848716,0.0049735643
sp|Q7NDN8|GLIC_GLOVI,0,Hidden_3,-4.4895086,-6.274747,0.011952806
sp|Q91ZF1|KCJ15_RAT,1,Hidden_3,31.860792,1.6913538,0.9989784
sp|O65718|CNGC2_ARATH,1,Hidden_3,51.874905,0.8941028,0.97584164
sp|Q7RTX7|CTSR4_HUMAN,1,Hidden_3,32.732304,0.11178377,0.9987017
sp|Q9PT84|KCNH6_CHICK,1,Hidden_3,49.159946,0.027216302,0.9903045
sp|P0C7B7|ELIC_DICCH,0,Hidden_3,-7.5382023,-6.7421923,0.0073608523
sp|Q9Z258|KCNT1_RAT,1,Hidden_3,46.347176,-1.1628745,0.9940958
sp|C9D7C2|CAC1A_APIME,1,Hidden_3,31.373129,-0.6053622,0.9989165
sp|Q9U1S7|PKD2_CAEEL,0,Hidden_3,-15.889749,3.340906,0.0033168113
sp|Q9C8G5|CSCLD_ARATH,0,Hidden_3,-19.443346,0.34844267,0.001921002
sp|Q8BLA8|TRPA1_MOUSE,1,Hidden_3,53.150352,0.8557815,0.9500614
sp|Q8VHK5|MLC1_MOUSE,0,Hidden_3,-10.665583,1.687916,0.0048281816
sp|Q02280|KCNAE_DROME,1,Hidden_3,45.763905,-1.0003903,0.99457353
sp|Q8RXR2|CLCF_ARATH,1,Hidden_3,40.762978,-2.562162,0.99648285
sp|D0E0C2|SCNA1_PERAM,1,Hidden_3,43.707184,0.47789022,0.9952519
sp|Q9U3N4|INX6_CAEEL,0,Hidden_3,-5.4320536,-12.874768,0.006429574
sp|Q05037|KCNA4_BOVIN,1,Hidden_3,33.122402,0.6777758,0.99863595
sp|Q87WD2|ERIC_PSESM,1,Hidden_3,42.492744,-2.961553,0.9955519
sp|Q9U6L4|TTY1_DROME,0,Hidden_3,-13.863758,5.1309566,0.004139649
sp|Q21974|UNC8_CAEEL,0,Hidden_3,-9.090666,-0.33459377,0.006074516
sp|Q58543|MSMJL_METJA,0,Hidden_3,-16.522724,7.3494573,0.00465709
sp|Q9VAJ3|PPK19_DROME,0,Hidden_3,-7.8533397,-0.22539626,0.008375644
sp|Q5N941|POLLU_ORYSJ,0,Hidden_3,-16.170597,9.980852,0.0032507947
sp|Q21123|INX7_CAEEL,0,Hidden_3,-20.301617,-7.6410604,0.0010655823
sp|Q21973|BST15_CAEEL,0,Hidden_3,-12.827139,3.7080734,0.004797249
sp|Q5R3K3|CAHM6_HUMAN,0,Hidden_3,-2.6762092,1.0646033,0.013178906
sp|S5VBU1|TM175_STRC3,0,Hidden_3,-7.803227,8.688952,0.004511617
sp|Q8BGR2|LRC8D_MOUSE,0,Hidden_3,-18.160501,-2.8335245,0.0023523576
sp|Q9R244|TRPC2_MOUSE,0,Hidden_3,-22.184982,-4.7138863,0.00060457655
sp|P48182|ACR2_CAEEL,0,Hidden_3,-4.5363374,-7.613116,0.0145266
sp|Q57CD7|FLUC1_BRUAB,0,Hidden_3,-9.345143,10.594497,0.006661074
sp|Q9W0T5|PYX_DROME,0,Hidden_3,-3.54122,4.7808194,0.010250391
sp|Q21415|GLR3_CAEEL,0,Hidden_3,-20.858112,2.469829,0.00157141
sp|Q7ZWK8|OTOP1_DANRE,0,Hidden_3,-20.300968,-3.7825747,0.0011944706
sp|A8DYE2|TRPCG_DROME,0,Hidden_3,-14.040015,3.0455494,0.004896629
sp|Q03412|UNC7_CAEEL,0,Hidden_3,-6.8384275,-12.964909,0.004060207
sp|G5EBR3|GLUCL_CAEEL,0,Hidden_3,-10.057914,-9.54736,0.004357015
sp|P0A333|KCSA_STRCO,0,Hidden_3,-8.702952,10.553672,0.011752794
sp|P70227|ITPR3_MOUSE,0,Hidden_3,1.0238476,-0.15918024,0.009706427
sp|Q8TD43|TRPM4_HUMAN,0,Hidden_3,-22.668034,-4.707214,0.00041148879
sp|Q8JFN7|ACH91_ONCMY,0,Hidden_3,-6.914815,-7.4968452,0.007758179
sp|Q9JIS7|CAC1F_MOUSE,1,Hidden_3,36.833557,-2.3514004,0.9974718
sp|P24045|GBRB4_CHICK,0,Hidden_3,-8.040067,-9.342228,0.006320525
sp|Q9GQ00|MOD1_CAEEL,0,Hidden_3,-11.451345,-9.220529,0.0033323271
sp|A5X5Y0|5HT3E_HUMAN,0,Hidden_3,-14.244883,-8.608445,0.0022036235
sp|Q95T12|FLOWR_DROME,0,Hidden_3,-9.090544,6.865655,0.008063555
sp|Q6Q1P3|KCNKI_RAT,1,Hidden_3,45.976334,-0.47543854,0.99458176
sp|Q80SX5|OTOP2_MOUSE,0,Hidden_3,-19.783718,-3.778309,0.0020765262
sp|Q6UXY8|TMC5_HUMAN,0,Hidden_3,-4.936358,0.69340235,0.010308704
sp|Q96NY7|CLIC6_HUMAN,1,Hidden_3,35.328327,-2.4954062,0.9979609
sp|Q9V9N1|IR40A_DROME,0,Hidden_3,-19.290277,1.5316814,0.0018995191
sp|P51800|CLCKA_HUMAN,1,Hidden_3,40.268436,-2.405216,0.9967224
sp|P17970|KCNAB_DROME,1,Hidden_3,45.192142,-0.640161,0.9946747
sp|A2ARP9|CTSR2_MOUSE,1,Hidden_3,44.22096,-0.5263125,0.9947284
sp|F4I248|CSCLB_ARATH,0,Hidden_3,-12.919818,1.2959017,0.0034962725
sp|A6H7B0|PLLP_BOVIN,0,Hidden_3,-7.6882405,6.249919,0.004323559
sp|P35500|SCNA_DROME,1,Hidden_3,30.379475,-0.4666056,0.999257
sp|P23645|BIB_DROME,0,Hidden_3,-13.220941,5.5163774,0.006138313
sp|Q7KVW5|KCNN_DROME,0,Hidden_3,-14.070413,4.364161,0.0050419276
sp|Q8K424|TRPV3_MOUSE,0,Hidden_3,-23.412142,-3.887562,0.0001496702
sp|A2AIR5|NMD3A_MOUSE,0,Hidden_3,-3.0377333,-1.949559,0.014379261
sp|Q653P0|KOR1_ORYSJ,1,Hidden_3,48.945793,-0.7756084,0.9909087
sp|Q91WD2|TRPV6_MOUSE,0,Hidden_3,0.5354486,-2.4451644,0.005825969
sp|F4IME2|MSL8_ARATH,0,Hidden_3,-23.885544,1.2581552,0.00020474904
sp|Q9U298|ACH8_CAEEL,0,Hidden_3,-11.2236185,-10.0534,0.0031387485
sp|Q16478|GRIK5_HUMAN,0,Hidden_3,-2.8524487,-3.154183,0.0082837045
sp|M9MSG8|PIEZO_DROME,0,Hidden_3,-14.726231,2.9283485,0.0044257864
sp|P31069|KCH_ECOLI,0,Hidden_3,-19.45795,5.607531,0.001973699
sp|P34299|GLR1_CAEEL,0,Hidden_3,-12.440346,7.188374,0.0056772865
sp|Q9Y2U2|KCNK7_HUMAN,1,Hidden_3,47.956913,0.65032154,0.9916522
sp|G5ECJ0|GBR1_CAEEL,0,Hidden_3,-16.328655,-9.221901,0.0014157534
sp|O13263|SCNNH_XENLA,0,Hidden_3,-9.66718,-0.4674194,0.005270178
sp|D9N164|IRK10_PARME,1,Hidden_3,49.249004,0.8228629,0.99002516
sp|H1AFJ6|SCNNB_NEOFS,0,Hidden_3,-5.3539643,0.10523356,0.011872835
sp|A0A0U1QT59|TMC_DROME,0,Hidden_3,-19.737171,2.849572,0.0015128044
sp|Q8GX93|CLCE_ARATH,1,Hidden_3,39.700874,-2.7845092,0.99699485
sp|G5EDN0|ACC3_CAEEL,0,Hidden_3,-10.662972,-9.068639,0.0039694277
sp|Q9EQJ0|TPC1_MOUSE,1,Hidden_3,41.183445,-0.25927916,0.9963257
sp|O14764|GBRD_HUMAN,0,Hidden_3,-7.292718,-8.852167,0.0076377564
sp|O15547|P2RX6_HUMAN,0,Hidden_3,-6.844471,-4.4250274,0.007821459
sp|Q9HB15|KCNKC_HUMAN,1,Hidden_3,35.449196,1.1960672,0.99820256
sp|Q9BVC6|TM109_HUMAN,1,Hidden_3,44.24816,-1.8835104,0.99482995
sp|Q96ER9|MITOK_HUMAN,0,Hidden_3,-1.9536762,-0.7464939,0.011437197
sp|O95279|KCNK5_HUMAN,1,Hidden_3,37.752228,0.82918066,0.9975134
sp|Q5A2J7|YVC1_CANAL,1,Hidden_3,48.440388,-0.22821848,0.9915548
sp|Q24418|NMDA1_DROME,1,Hidden_3,52.880962,-0.03632232,0.95972186
sp|Q8IU68|TMC8_HUMAN,0,Hidden_3,-18.10812,-5.9959927,0.0018001375
sp|A0A0R4IMY7|TRPM2_DANRE,0,Hidden_3,-18.453388,-4.463338,0.0017618318
sp|P08104|SCN3A_RAT,1,Hidden_3,31.225344,-1.1053305,0.9988938
sp|Q9U6B8|ORAI1_DROME,0,Hidden_3,-3.1575942,-6.614657,0.0146187525
sp|Q90218|GLRK_ANAPL,0,Hidden_3,-16.522497,8.903728,0.003472464
sp|Q9FL25|KCO2_ARATH,0,Hidden_3,-23.08997,2.8879077,0.00080971926
sp|Q401N2|ZACN_HUMAN,0,Hidden_3,-6.5736423,-5.700903,0.009062216
sp|P57789|KCNKA_HUMAN,1,Hidden_3,39.557076,0.668592,0.996997
sp|Q10025|DEL10_CAEEL,0,Hidden_3,-18.567522,1.3568826,0.0019832011
sp|Q6I7B9|MAT_INCAA,0,Hidden_3,-11.091589,6.9545994,0.008687871
sp|Q54AX6|CLCA_DICDI,1,Hidden_3,45.350178,-2.3080618,0.99443877
sp|O27564|MTHK_METTH,0,Hidden_3,-18.7159,6.265292,0.0024591251
sp|P78334|GBRE_HUMAN,0,Hidden_3,-14.821717,-9.385295,0.0015315266
sp|P92943|CLCD_ARATH,1,Hidden_3,29.969631,0.58023936,0.99933964
sp|O00555|CAC1A_HUMAN,1,Hidden_3,35.738487,-1.8895863,0.9979488
sp|Q90805|CNG1_CHICK,0,Hidden_3,-3.8577352,6.6833725,0.014278417
sp|P17644|ACH2_DROME,0,Hidden_3,-8.428468,-9.6104965,0.0059980555
sp|Q9P0X4|CAC1I_HUMAN,1,Hidden_3,30.205593,0.025135905,0.99935156
sp|Q25011|FANA_CORAP,0,Hidden_3,-16.698109,-0.32973036,0.0028185986
sp|P10861|UCP1_BOVIN,0,Hidden_3,-15.906814,-2.426273,0.0031568005
sp|Q979Z2|TVOK_THEVO,0,Hidden_3,-16.015835,8.112236,0.0043484927
sp|Q19907|TWK12_CAEEL,0,Hidden_3,-2.1040516,5.5382833,0.015303428
sp|Q32LT7|TTYH3_DANRE,0,Hidden_3,-18.332195,-2.1011603,0.002374486
sp|O18276|GBRB_CAEEL,0,Hidden_3,-8.921591,-8.883168,0.0058739134
sp|Q9NY37|ASIC5_HUMAN,0,Hidden_3,-15.432267,-6.2742233,0.0031646278
sp|F4IN58|PIEZO_ARATH,0,Hidden_3,-14.538664,-0.8307144,0.00338887
sp|P56699|CAC1E_DIPOM,1,Hidden_3,35.751064,-1.3327488,0.997969
sp|Q9UK17|KCND3_HUMAN,1,Hidden_3,31.60522,0.75743765,0.9989813
sp|Q24270|CAC1D_DROME,1,Hidden_3,43.256638,-0.62926066,0.9955848
sp|Q9U3K5|INX2_CAEEL,0,Hidden_3,-7.0472875,-13.772432,0.0029097341
sp|Q7Z020|TRPA1_DROME,0,Hidden_3,-3.6534557,4.9834886,0.010172826
sp|Q9NQ90|ANO2_HUMAN,0,Hidden_3,0.6895045,3.608519,0.05211231
sp|Q9YDF8|KVAP_AERPE,1,Hidden_3,41.573627,-0.8126445,0.9965771
sp|P79100|TRPC4_BOVIN,0,Hidden_3,0.4501633,-1.4941219,0.008664232
sp|Q5R1P3|NMDE2_CANLF,1,Hidden_3,46.6662,-1.5014372,0.99376076
sp|F1QFU0|TMC1_DANRE,0,Hidden_3,-14.429775,-1.0234615,0.003965173
sp|Q03516|RSN1_YEAST,0,Hidden_3,-3.4224966,2.8755894,0.013916827
sp|Q05973|SCN1_HETBL,1,Hidden_3,39.05628,-1.1787665,0.99678934
sp|G5EG88|ACH23_CAEEL,0,Hidden_3,-5.429709,-7.403924,0.010312071
sp|Q8L7W1|MSL3_ARATH,0,Hidden_3,-13.03022,8.55057,0.0068416484
sp|Q9LS46|ALMT9_ARATH,0,Hidden_3,-13.358001,10.060599,0.0067945383
sp|P97794|KCNJ8_MOUSE,1,Hidden_3,34.295326,1.6977103,0.99827933
sp|O76554|ACH4_CAEEL,0,Hidden_3,-11.770084,-9.892956,0.002815313
sp|Q9FWX6|KCO4_ARATH,0,Hidden_3,-15.302456,11.9016285,0.004930821
sp|P29993|ITPR_DROME,0,Hidden_3,-21.559145,-1.7036879,0.0012886279
sp|Q6P9J9|ANO6_MOUSE,1,Hidden_3,52.775646,1.0171574,0.9547627
sp|Q96RD6|PANX2_HUMAN,0,Hidden_3,-1.2763897,2.1134813,0.01708752
sp|Q8CIR4|TRPM6_MOUSE,0,Hidden_3,-18.436516,-4.663301,0.0017753536
sp|O74839|MSY1_SCHPO,0,Hidden_3,-16.004961,4.2878003,0.0035456086
sp|A8MYU2|KCNU1_HUMAN,1,Hidden_3,48.5149,1.0158342,0.9912985
sp|Q9VGH7|CLCN2_DROME,1,Hidden_3,33.94605,-0.31658533,0.9983323
sp|Q64347|CLCN1_MOUSE,1,Hidden_3,39.32825,-1.9187953,0.99724305
sp|P0C0S1|MSCS_ECOLI,0,Hidden_3,-10.10141,9.240119,0.0087650865
sp|Q7Z404|TMC4_HUMAN,0,Hidden_3,-21.395832,-5.504787,0.00090286456
sp|O61365|NACH_DROME,0,Hidden_3,-9.287824,-1.0133921,0.0055721523
sp|Q9FVQ5|CSCL1_ARATH,0,Hidden_3,-12.660765,1.3910205,0.0043792333
sp|E4TN31|TM175_MARTH,0,Hidden_3,-8.563914,8.130875,0.0066972137
sp|Q5FKD2|FLUC1_LACAC,0,Hidden_3,-9.110444,13.31958,0.005294004
sp|Q96L42|KCNH8_HUMAN,1,Hidden_3,36.595467,0.6212303,0.99782073
sp|Q05B45|TACAN_BOVIN,0,Hidden_3,-15.508767,-3.354749,0.003478115
sp|Q98GN8|CNGK1_RHILO,0,Hidden_3,-18.328144,7.8892045,0.003414792
sp|Q8CD54|PIEZ2_MOUSE,0,Hidden_3,-0.70427155,1.3234837,0.015932493
sp|Q09917|PKD2_SCHPO,0,Hidden_3,-10.9475355,5.57941,0.006769773
sp|Q9JJV9|SCN5A_MOUSE,1,Hidden_3,36.598213,-1.5664891,0.9976827
sp|Q57603|MVP_METJA,1,Hidden_3,46.532642,1.3389688,0.9932208
sp|Q9LV72|GLR12_ARATH,0,Hidden_3,-22.676167,3.1448443,0.001356573
sp|Q2HJ63|CAHM2_BOVIN,0,Hidden_3,0.65880513,3.699429,0.050846603
sp|Q9BSA9|TM175_HUMAN,0,Hidden_3,-13.160096,-5.4404426,0.0044862265
sp|Q27295|EAT5_CAEEL,0,Hidden_3,-6.2640963,-13.412152,0.004530115
sp|Q08BI9|MCU_DANRE,0,Hidden_3,-2.3574817,-0.73362803,0.009284692
sp|Q60934|GRIK1_MOUSE,0,Hidden_3,-2.76712,-3.1131933,0.0097226845
sp|E9PTA2|TRPM2_RAT,0,Hidden_3,-18.139488,-4.4113026,0.002010873
sp|Q18297|TRPA1_CAEEL,0,Hidden_3,-12.538134,4.5507107,0.006602733
sp|Q9W0Y8|SCN60_DROME,1,Hidden_3,44.670994,-0.34628522,0.99450773
sp|Q9SZT4|CSCLE_ARATH,0,Hidden_3,-19.295923,0.4869442,0.0017073714
sp|Q9NA13|IPLA_DICDI,0,Hidden_3,-22.137653,0.054031547,0.0009668574
sp|Q9Z307|KCJ16_MOUSE,1,Hidden_3,30.973063,1.7490354,0.99921846
sp|Q8BFU8|VGLU3_MOUSE,0,Hidden_3,-6.4465303,7.288675,0.00592698
sp|Q9V9Y4|PHCL2_DROME,0,Hidden_3,-10.069517,-8.547626,0.004410367
sp|P37002|FLUC_ECOLI,0,Hidden_3,-9.754083,13.493269,0.0042228764
sp|Q7VYU0|FLUC_BORPE,0,Hidden_3,-9.421485,13.119597,0.006000412
sp|A0MFS9|CACLC_ARATH,0,Hidden_3,-4.44968,1.4289201,0.011910908
sp|A0A1S4GYH6|IR21A_ANOGA,0,Hidden_3,-11.552083,6.257146,0.006563972
sp|Q91892|CLCC1_XENLA,0,Hidden_3,-10.674693,3.02617,0.005733187
sp|Q19038|DEL1_CAEEL,0,Hidden_3,-8.391781,-0.2117338,0.0072836108
sp|Q9NTG1|PKDRE_HUMAN,0,Hidden_3,-7.6467686,-2.3479302,0.0056171594
sp|Q6H1V1|BEST3_MOUSE,0,Hidden_3,-3.2233863,-0.55564475,0.009130484
sp|Q9XXD1|KVS4_CAEEL,1,Hidden_3,32.416374,0.8843642,0.99880826
sp|Q9BXS9|S26A6_HUMAN,0,Hidden_3,-13.211442,-5.8433146,0.0049096043
sp|Q4GZT3|PKD2_BOVIN,1,Hidden_3,50.40838,-0.281258,0.9861259
sp|P76175|CLCB_ECOLI,1,Hidden_3,41.218964,-3.186088,0.9964934
sp|Q22271|UNC58_CAEEL,1,Hidden_3,50.98424,0.62725997,0.9835585
sp|Q9GJS9|GLRB_BOVIN,0,Hidden_3,-12.874397,-9.695525,0.002457114
sp|Q01118|SCN7A_HUMAN,1,Hidden_3,44.66388,1.1235964,0.9941288
sp|A7T1N0|TMP2L_NEMVE,0,Hidden_3,-0.060753442,0.99461186,0.011784393
sp|Q8VYR0|MCU2_ARATH,0,Hidden_3,-3.5456016,8.843255,0.013000505
sp|D3Z291|CAHM1_MOUSE,1,Hidden_3,53.18676,0.33972716,0.9556125
sp|Q9SJE8|ALMT2_ARATH,0,Hidden_3,-13.144373,10.655847,0.008408702
sp|O82226|CNGC6_ARATH,1,Hidden_3,51.654713,0.3121817,0.978626
sp|P34586|TRPL_CAEEL,0,Hidden_3,-16.55973,2.0759892,0.0025484278
sp|Q7TN60|TMC6_MOUSE,0,Hidden_3,-21.793314,-5.486141,0.00074669864
sp|Q9VAS7|INX3_DROME,0,Hidden_3,-4.819227,-12.176623,0.008252714
sp|Q8K3P1|P2RX2_MOUSE,0,Hidden_3,-14.261156,-5.739649,0.00405072
sp|Q9W5A5|TTY2_DROME,0,Hidden_3,-11.426429,5.088468,0.0065976866
sp|Q93971|TRPG_CAEEL,0,Hidden_3,-17.130995,2.5555136,0.0021237007
sp|Q20332|TTYH1_CAEEL,0,Hidden_3,-2.0120406,6.225768,0.015633343
sp|Q9Y3Q4|HCN4_HUMAN,1,Hidden_3,36.14469,0.9022667,0.9979894
sp|Q708S3|ASI4B_DANRE,0,Hidden_3,-17.504158,-6.736222,0.0015379325
sp|Q96RD7|PANX1_HUMAN,0,Hidden_3,-20.834063,-5.9352283,0.0009400702
sp|Q8N5C1|CAHM5_HUMAN,0,Hidden_3,-2.926156,0.89152527,0.0112823015
sp|Q9MYW0|TRPC6_BOVIN,0,Hidden_3,-16.759638,-3.6454298,0.0031726162
sp|Q24498|RYR_DROME,0,Hidden_3,-1.2074567,4.112835,0.02559239
sp|Q8CE93|CAHM4_MOUSE,0,Hidden_3,-2.6316843,1.0761395,0.012393247
sp|Q2EG98|PK1L3_MOUSE,0,Hidden_3,-5.8331556,-2.2340605,0.008022566
sp|Q96PH1|NOX5_HUMAN,0,Hidden_3,-0.0854012,2.353691,0.022395212
sp|Q23435|TWK9_CAEEL,0,Hidden_3,-1.6698602,5.626103,0.021720579
sp|Q96T54|KCNKH_HUMAN,1,Hidden_3,40.7262,0.7552908,0.99648416
sp|O70212|5HT3A_CAVPO,0,Hidden_3,-13.906879,-8.7403345,0.0024972456
sp|Q14643|ITPR1_HUMAN,0,Hidden_3,1.0050788,-0.14434467,0.010391326
sp|Q18120|TWK18_CAEEL,1,Hidden_3,50.338318,0.37070474,0.98637956
sp|Q9HBA0|TRPV4_HUMAN,0,Hidden_3,-21.351814,-4.761022,0.0009999354
sp|P0DTC3|AP3A_SARS2,0,Hidden_3,-10.109584,7.050783,0.0064342427
sp|Q10914|GLR2_CAEEL,0,Hidden_3,-21.249722,1.8965412,0.0011897242
sp|P50077|CCH1_YEAST,1,Hidden_3,34.40047,-0.9894666,0.99819785
sp|P0C550|AKT1_ORYSI,1,Hidden_3,47.89064,-0.8118376,0.99280375
sp|Q1PE15|MCU4_ARATH,0,Hidden_3,-15.563822,10.048697,0.0036471928
sp|P54244|ACH3_CAEEL,0,Hidden_3,-5.494613,-8.013447,0.00964572
sp|P75783|YBIO_ECOLI,0,Hidden_3,-12.579939,-3.3036687,0.005277883
sp|P0AAT4|YBDG_ECOLI,0,Hidden_3,-1.8452075,-2.900047,0.010303452
sp|Q6GM04|TTY1B_XENLA,0,Hidden_3,-18.571339,-2.0046122,0.0018643794
sp|Q54LT0|MCU_DICDI,0,Hidden_3,-9.604817,5.5916495,0.0060661184
sp|C3VMW3|CLD17_PIG,0,Hidden_3,-7.593629,7.034515,0.0062198336
sp|P9WP63|FLUC1_MYCTU,0,Hidden_3,-9.91114,13.807593,0.0033484786
sp|Q9UM00|TMCO1_HUMAN,0,Hidden_3,-7.8188167,5.725672,0.004188299
sp|P26591|GLRK_LYMST,0,Hidden_3,-11.798995,7.719993,0.0075587863
sp|Q18593|CLHM1_CAEEL,1,Hidden_3,52.322952,0.020689305,0.97147906
sp|Q13936|CAC1C_HUMAN,1,Hidden_3,37.933186,-2.1737704,0.99705076
sp|P0A742|MSCL_ECOLI,0,Hidden_3,-6.9477367,8.331467,0.008644922
sp|Q9V3W6|INX7_DROME,0,Hidden_3,-20.048815,-8.22199,0.0013212708
sp|Q19746|INX3_CAEEL,0,Hidden_3,-5.3130383,-13.121144,0.006421105
sp|Q8R6L9|MSCS_CALS4,0,Hidden_3,-10.02811,9.398451,0.011469585
sp|P19334|TRP_DROME,0,Hidden_3,-22.728094,-0.002713309,0.0006732617
sp|A0A2R8Q3S9|CLCC1_DANRE,0,Hidden_3,-10.439268,3.2883854,0.007414993
sp|Q9WVJ0|KCNH3_MOUSE,1,Hidden_3,41.399086,0.845005,0.9962268
sp|O54912|KCNK3_RAT,1,Hidden_3,29.377996,1.3412501,0.9998092
sp|Q5YCC5|TMC7_CHICK,0,Hidden_3,-2.4924176,0.38185453,0.01380201
sp|Q96D96|HVCN1_HUMAN,1,Hidden_3,42.812008,-0.14702494,0.9956813
sp|A0A086F3E3|TM175_CHRP1,0,Hidden_3,-7.283277,8.129148,0.0074022394
sp|Q7Z2W7|TRPM8_HUMAN,0,Hidden_3,0.3132646,-1.8070585,0.007889484
sp|Q86JM7|P2XA_DICDI,0,Hidden_3,-7.9720316,-1.08916,0.007142302
sp|P33085|SHAKB_DROME,0,Hidden_3,-3.9780817,-9.364079,0.013462017
sp|Q9M2D2|VCCN1_ARATH,1,Hidden_3,50.98386,-0.38907793,0.98380196
sp|E7FKV8|PK1L1_ORYLA,0,Hidden_3,-15.966519,-5.376993,0.0026137475
sp|Q9H3M0|KCNF1_HUMAN,1,Hidden_3,34.91279,0.24529707,0.99818736
sp|P52192|IRK1_CAEEL,1,Hidden_3,46.456352,-2.3700728,0.9949092
sp|O61715|INX19_CAEEL,0,Hidden_3,-6.097341,-13.086509,0.005089336
sp|Q01956|KCNC3_RAT,1,Hidden_3,30.976063,0.77468985,0.9991456
sp|P40310|TOK1_YEAST,1,Hidden_3,31.831673,0.21551064,0.9989335
sp|O43497|CAC1G_HUMAN,1,Hidden_3,35.163273,-1.0130444,0.9982242
sp|Q03720|SLO_DROME,1,Hidden_3,34.243065,-1.496115,0.99820924
sp|Q95L74|CY24B_BISBI,1,Hidden_3,47.473137,-1.3478028,0.9930448
sp|Q9UI33|SCNBA_HUMAN,1,Hidden_3,37.67263,-1.3107758,0.99735355
sp|E1BNE9|KCNJ3_BOVIN,1,Hidden_3,47.24583,-0.4496891,0.9930362
sp|Q0P5A0|KCNK1_BOVIN,1,Hidden_3,34.59362,0.669564,0.99830365
sp|Q8CFS6|KCNV2_MOUSE,1,Hidden_3,33.64073,0.674893,0.9985453
sp|Q86XQ3|CTSR3_HUMAN,1,Hidden_3,36.41186,-0.5269305,0.9978219
sp|Q9QZ65|KCJ13_CAVPO,1,Hidden_3,34.790283,1.8986621,0.99807173
sp|B5X1G3|GPHR_SALSA,1,Hidden_3,44.592712,-2.769902,0.9939995
sp|Q5QM84|TPC1_ORYSJ,1,Hidden_3,40.350803,-0.4515604,0.99671495
sp|P51787|KCNQ1_HUMAN,1,Hidden_3,38.451237,0.18474954,0.99727935
sp|Q8IZF0|NALCN_HUMAN,1,Hidden_3,31.88918,-0.51963866,0.9988751
sp|P21817|RYR1_HUMAN,1,Hidden_3,48.424747,-1.8816932,0.9923987
sp|Q1JV40|HVCN1_CIOIN,1,Hidden_3,40.856705,-0.89985,0.99656785
sp|A0JMD4|TPC2_DANRE,1,Hidden_3,37.410305,-0.41606078,0.9976029
sp|Q8I4B0|KCNSK_CAEEL,1,Hidden_3,50.18408,0.9520782,0.9869053
sp|Q8NEC5|CTSR1_HUMAN,1,Hidden_3,47.382874,1.4894772,0.9924231
sp|O01634|INX12_CAEEL,0,Hidden_3,-4.8267245,-12.761591,0.007999266
sp|Q28181|CNGB1_BOVIN,0,Hidden_3,-5.2829785,10.225546,0.008953893
sp|Q8TDX9|PK1L1_HUMAN,0,Hidden_3,-5.9474106,-2.1782732,0.009361646
sp|Q7Z442|PK1L2_HUMAN,0,Hidden_3,-14.557683,-5.667655,0.0035540438
sp|Q9LFN8|GLR26_ARATH,0,Hidden_3,-14.684606,11.147369,0.006668129
sp|P02718|ACHD_TETCF,0,Hidden_3,-6.07193,-7.7769265,0.008940489
sp|Q5T3F8|CSCL2_HUMAN,0,Hidden_3,-1.7136326,0.5494444,0.011691025
sp|Q9W0Y6|PAIN_DROME,0,Hidden_3,-21.12204,0.026921917,0.001369876
sp|Q11069|TMC2_CAEEL,0,Hidden_3,-17.479662,2.9171224,0.0022926528
sp|Q07798|SPO75_YEAST,0,Hidden_3,-8.5512705,2.8088977,0.005910996
sp|Q21121|MCU_CAEEL,0,Hidden_3,-9.87599,4.7988396,0.005713308
sp|Q06538|CSC1_YEAST,0,Hidden_3,-6.7830567,2.5473957,0.008433082
sp|Q5FKD1|FLUC2_LACAC,0,Hidden_3,-9.141909,13.311903,0.0052523846
sp|Q8VZL4|MSL1_ARATH,0,Hidden_3,-14.528904,9.122402,0.0045997547
sp|Q9JLF1|GBRT_MOUSE,0,Hidden_3,-5.4231305,-6.4303803,0.010464167
sp|Q9Y0A1|ITPR_CAEEL,0,Hidden_3,-23.55132,-2.1851664,0.0002312847
sp|Q7RTS5|OTOP3_HUMAN,0,Hidden_3,-0.6583145,-0.371398,0.010791361
sp|Q94A87|CSCL9_ARATH,0,Hidden_3,-19.154379,0.15361546,0.0019316698
sp|Q86LG1|PPK28_DROME,0,Hidden_3,-10.165665,-1.0232402,0.00442456
sp|P24585|DEG1_CAEEL,0,Hidden_3,-11.498902,0.07920836,0.004064073
sp|Q9SFB0|DTX43_ARATH,0,Hidden_3,-16.464697,9.231253,0.00320229
sp|P23849|TRKG_ECOLI,0,Hidden_3,-18.251257,8.400728,0.0038422155
sp|Q8GXJ4|GLR34_ARATH,0,Hidden_3,-3.385972,9.290651,0.01459253
sp|P26362|CFTR_SQUAC,0,Hidden_3,-23.397121,-0.30248034,0.0005276786
sp|P9WJN5|MSCL_MYCTU,0,Hidden_3,-8.060536,9.228,0.0067826225
sp|O61788|INX17_CAEEL,0,Hidden_3,-5.235974,-12.612751,0.007054727
sp|Q8LBL1|KCO1_ARATH,0,Hidden_3,-14.998316,11.945526,0.0069237826
sp|G5ECT0|PBO5_CAEEL,0,Hidden_3,-9.104633,-7.8572946,0.0056561204
sp|Q09274|UN105_CAEEL,0,Hidden_3,-17.207874,0.42058128,0.0027389522
sp|Q24352|GBRAL_DROME,0,Hidden_3,-12.312797,-10.172338,0.0026176
sp|E2JF22|PIEZ1_MOUSE,0,Hidden_3,-0.56211984,-0.9741418,0.008431579
sp|P25396|TEHA_ECOLI,0,Hidden_3,-1.7441632,-2.5578756,0.011498823
sp|Q9NA73|T38B2_CAEEL,0,Hidden_3,-4.8795724,4.7533746,0.010151463
sp|Q9LD37|CNG20_ARATH,0,Hidden_3,-2.9547536,9.045151,0.015431303
sp|E9NA96|IR25A_DROME,0,Hidden_3,-13.152078,6.7294316,0.0045238575
sp|Q9VL84|PPK11_DROME,0,Hidden_3,-9.6844635,-0.9164001,0.005241991
sp|P22770|ACHA7_CHICK,0,Hidden_3,-15.263191,-9.524794,0.0011603732
sp|Q84M97|MSL9_ARATH,0,Hidden_3,-23.187334,1.910251,0.0006535589
sp|P25123|GBRB_DROME,0,Hidden_3,-3.9675906,-7.202799,0.012555823
sp|P20237|GBRA4_BOVIN,0,Hidden_3,-9.145953,-9.133887,0.005542217
sp|P04758|ACHB_BOVIN,0,Hidden_3,-8.174132,-8.539951,0.0058910633
sp|Q76LB1|ALMT1_WHEAT,0,Hidden_3,-3.5228465,9.036613,0.013563603
sp|Q61180|SCNNA_MOUSE,0,Hidden_3,-16.907427,-6.563498,0.0018700387
sp|P34271|CUP4_CAEEL,0,Hidden_3,-8.968335,-7.222331,0.005502721
sp|Q9ULK0|GRID1_HUMAN,0,Hidden_3,-2.5152636,-2.677262,0.010395768
sp|Q03445|GLR1_DROME,0,Hidden_3,-10.961345,7.863555,0.00925515
sp|Q0V9Z3|PACC1_XENTR,0,Hidden_3,-17.807375,0.27379778,0.0023002964
sp|Q96S66|CLCC1_HUMAN,0,Hidden_3,-11.067906,2.2506044,0.004061437
